"Data Source","World Development Indicators",

"Last Updated Date","2018-10-18",

"Country Name","Country Code","Indicator Name","Indicator Code","1960","1961","1962","1963","1964","1965","1966","1967","1968","1969","1970","1971","1972","1973","1974","1975","1976","1977","1978","1979","1980","1981","1982","1983","1984","1985","1986","1987","1988","1989","1990","1991","1992","1993","1994","1995","1996","1997","1998","1999","2000","2001","2002","2003","2004","2005","2006","2007","2008","2009","2010","2011","2012","2013","2014","2015","2016","2017",
"Aruba","ABW","Literacy rate, youth (ages 15-24), gender parity index (GPI)","SE.ADT.1524.LT.FM.ZS","","","","","","","","","","","","","","","","","","","","","","","","","","","","","","","","","","","","","","","","","1.00287997722626","","","","","","","","","","1.00361001491547","","","","","","","",
"Afghanistan","AFG","Literacy rate, youth (ages 15-24), gender parity index (GPI)","SE.ADT.1524.LT.FM.ZS","","","","","","","","","","","","","","","","","","","","0.243310004472733","","","","","","","","","","","","","","","","","","","","","","","","","","","","","","","","0.518970012664795","","","","","","",
"Angola","AGO","Literacy rate, youth (ages 15-24), gender parity index (GPI)","SE.ADT.1524.LT.FM.ZS","","","","","","","","","","","","","","","","","","","","","","","","","","","","","","","","","","","","","","","","","","0.754170000553131","","","","","","","","","","","","","0.831759989261627","","","",
"Albania","ALB","Literacy rate, youth (ages 15-24), gender parity index (GPI)","SE.ADT.1524.LT.FM.ZS","","","","","","","","","","","","","","","","","","","","","","","","","","","","","","","","","","","","","","","","","","1.00129997730255","","","","","","","1.00592994689941","","","1.00126004219055","0.9964200258255","","","","","",
"Andorra","AND","Literacy rate, youth (ages 15-24), gender parity index (GPI)","SE.ADT.1524.LT.FM.ZS","","","","","","","","","","","","","","","","","","","","","","","","","","","","","","","","","","","","","","","","","","","","","","","","","","","","","","","","1","1","",
"Arab World","ARB","Literacy rate, youth (ages 15-24), gender parity index (GPI)","SE.ADT.1524.LT.FM.ZS","","","","","","","","","","","","","","","","","","","0.67476","0.682","0.69043","0.69959","0.70929","0.70918","0.72185","0.73376","0.74469","0.75414","0.76461","0.77462","0.78486","0.79215","0.80173","0.79215","0.80282","0.81286","0.82394","0.83399","0.84416","0.85478","0.86461","0.87332","0.88348","0.86955","0.87891","0.88429","0.89905","0.90488","0.91002","0.90016","0.90527","0.90808","0.9163","0.92655","0.93081","0.93417","0.93649","",
"United Arab Emirates","ARE","Literacy rate, youth (ages 15-24), gender parity index (GPI)","SE.ADT.1524.LT.FM.ZS","","","","","","","","","","","","","","","","0.859040021896362","","","","","","","","","","1.04321002960205","","","","","","","","","","","","","","","","","","","","1.03605997562408","","","","","","","","","","","","",
"Argentina","ARG","Literacy rate, youth (ages 15-24), gender parity index (GPI)","SE.ADT.1524.LT.FM.ZS","","","","","","","","","","","","","","","","","","","","","1.00873994827271","","","","","","","","","","","1.00484001636505","","","","","","","","","","1.00425004959106","","","","","","","","","","","","","","1.00353002548218","","",
"Armenia","ARM","Literacy rate, youth (ages 15-24), gender parity index (GPI)","SE.ADT.1524.LT.FM.ZS","","","","","","","","","","","","","","","","","","","","","","","","","","","","","","1.00001001358032","","","","","","","","","","","","1.00109994411469","","","","","","","","","","1.00057995319366","","","","","","",
"American Samoa","ASM","Literacy rate, youth (ages 15-24), gender parity index (GPI)","SE.ADT.1524.LT.FM.ZS","","","","","","","","","","","","","","","","","","","","","","","","","","","","","","","","","","","","","","","","","","","","","","","","","","","","","","","","","","",
"Antigua and Barbuda","ATG","Literacy rate, youth (ages 15-24), gender parity index (GPI)","SE.ADT.1524.LT.FM.ZS","","","","","","","","","","","","","","","","","","","","","","","","","","","","","","","","","","","","","","","","","","","","","","","","","","","","","","","","","","",
"Australia","AUS","Literacy rate, youth (ages 15-24), gender parity index (GPI)","SE.ADT.1524.LT.FM.ZS","","","","","","","","","","","","","","","","","","","","","","","","","","","","","","","","","","","","","","","","","","","","","","","","","","","","","","","","","","",
"Austria","AUT","Literacy rate, youth (ages 15-24), gender parity index (GPI)","SE.ADT.1524.LT.FM.ZS","","","","","","","","","","","","","","","","","","","","","","","","","","","","","","","","","","","","","","","","","","","","","","","","","","","","","","","","","","",
"Azerbaijan","AZE","Literacy rate, youth (ages 15-24), gender parity index (GPI)","SE.ADT.1524.LT.FM.ZS","","","","","","","","","","","","","","","","","","","","","","","","","","","","","","","","","","","","","","","","1.00030994415283","","","","","","","","1","","0.999890029430389","0.999660015106201","0.99975997209549","0.999629974365234","0.999499976634979","0.999599993228912","0.999559998512268","0.999539971351624","",
"Burundi","BDI","Literacy rate, youth (ages 15-24), gender parity index (GPI)","SE.ADT.1524.LT.FM.ZS","","","","","","","","","","","","","","","","","","","","0.524940013885498","","","","","","","","","","","0.806940019130707","","","","","","","","","","0.916450023651123","","","","","","","","0.860490024089813","","","","","","0.878870010375977","","","",
"Belgium","BEL","Literacy rate, youth (ages 15-24), gender parity index (GPI)","SE.ADT.1524.LT.FM.ZS","","","","","","","","","","","","","","","","","","","","","","","","","","","","","","","","","","","","","","","","","","","","","","","","","","","","","","","","","","",
"Benin","BEN","Literacy rate, youth (ages 15-24), gender parity index (GPI)","SE.ADT.1524.LT.FM.ZS","","","","","","","","","","","","","","","","","","","","0.399360001087189","","","","","","","","","","","","","0.484129995107651","","","","","","","","","","0.56139999628067","","","","0.561110019683838","","","","","","0.640250027179718","","","","","",
"Burkina Faso","BFA","Literacy rate, youth (ages 15-24), gender parity index (GPI)","SE.ADT.1524.LT.FM.ZS","","","","","","","","","","","","","","","","0.297809988260269","","","","","","","","","","","","","","","","0.529089987277985","","","","","0.548910021781921","","","","","","","0.646449983119965","","0.655849993228912","0.666320025920868","0.708809971809387","","","","","","","0.771749973297119","","","",
"Bangladesh","BGD","Literacy rate, youth (ages 15-24), gender parity index (GPI)","SE.ADT.1524.LT.FM.ZS","","","","","","","","","","","","","","","","","","","","","","0.612030029296875","","","","","","","","","","0.73429000377655","","","","","","","","","","0.897149980068207","","","","","","1.24346995353699","","","","1.30305004119873","","","","","1.02892994880676","",
"Bulgaria","BGR","Literacy rate, youth (ages 15-24), gender parity index (GPI)","SE.ADT.1524.LT.FM.ZS","","","","","","","","","","","","","","","","","","","","","","","","","","","","","","","","","","","","","","","","","","0.99796998500824","","","","","","","","","","0.995760023593903","","","","","","",
"Bahrain","BHR","Literacy rate, youth (ages 15-24), gender parity index (GPI)","SE.ADT.1524.LT.FM.ZS","","","","","","","","","","","","","","","","","","","","","","0.915120005607605","","","","","","","","","","0.993009984493256","","","","","","","","","","1.00436997413635","","","","","","","","","0.989480018615723","","","","","","","",
"Bahamas, The","BHS","Literacy rate, youth (ages 15-24), gender parity index (GPI)","SE.ADT.1524.LT.FM.ZS","","","","","","","","","","","","","","","","","","","","","","","","","","","","","","","","","","","","","","","","","","","","","","","","","","","","","","","","","","",
"Bosnia and Herzegovina","BIH","Literacy rate, youth (ages 15-24), gender parity index (GPI)","SE.ADT.1524.LT.FM.ZS","","","","","","","","","","","","","","","","","","","","","","","","","","","","","","","","0.994459986686707","","","","","","","","","1.00095999240875","","","","","","","","","","","0.99397999048233","","1.00010001659393","","","","",
"Belarus","BLR","Literacy rate, youth (ages 15-24), gender parity index (GPI)","SE.ADT.1524.LT.FM.ZS","","","","","","","","","","","","","","","","","","","","","","","","","","","","","","1.00068998336792","","","","","","","","","","1.00072002410889","","","","","","","","","","1.0004700422287","","","","","","","","",
"Belize","BLZ","Literacy rate, youth (ages 15-24), gender parity index (GPI)","SE.ADT.1524.LT.FM.ZS","","","","","","","","","","","","","","","","","","","","","","","","","","","","","","","","1.00977003574371","","","","","","","","","","","","","","","","","","","","","","","","","","",
"Bermuda","BMU","Literacy rate, youth (ages 15-24), gender parity index (GPI)","SE.ADT.1524.LT.FM.ZS","","","","","","","","","","","","","","","","","","","","","","","","","","","","","","","","","","","","","","","","","","","","","","","","","","","","","","","","","","",
"Bolivia","BOL","Literacy rate, youth (ages 15-24), gender parity index (GPI)","SE.ADT.1524.LT.FM.ZS","","","","","","","","","","","","","","","","","0.82914000749588","","","","","","","","","","","","","","","","0.950659990310669","","","","","","","","","0.97529000043869","","","","","","0.993889987468719","0.994859993457794","0.993889987468719","","0.995220005512238","0.996630012989044","","","1.00010001659393","","",
"Brazil","BRA","Literacy rate, youth (ages 15-24), gender parity index (GPI)","SE.ADT.1524.LT.FM.ZS","","","","","","","","","","","","","","","","","","","","","1.03245997428894","","","","","","","","","","","","","","","","","","","","1.03307998180389","","","","1.02213001251221","","1.0161600112915","1.01548004150391","1.0139000415802","1.0127899646759","1.01656997203827","1.01188004016876","1.00808000564575","1.00995004177094","1.00815999507904","","","",
"Barbados","BRB","Literacy rate, youth (ages 15-24), gender parity index (GPI)","SE.ADT.1524.LT.FM.ZS","","","","","","","","","","","1.00080001354218","","","","","","","","","","","","","","","","","","","","","","","","","","","","","","","","","","","","","","","","","","","","","","","",
"Brunei Darussalam","BRN","Literacy rate, youth (ages 15-24), gender parity index (GPI)","SE.ADT.1524.LT.FM.ZS","","","","","","","","","","","","","","","","","","","","","","0.991230010986328","","","","","","","","","","0.99975997209549","","","","","","","","","","1.00038003921509","","","","","","","","","","1.00348997116089","","","","","","",
"Bhutan","BTN","Literacy rate, youth (ages 15-24), gender parity index (GPI)","SE.ADT.1524.LT.FM.ZS","","","","","","","","","","","","","","","","","","","","","","","","","","","","","","","","","","","","","","","","","","","","","","0.849110007286072","","","","","","","0.934639990329742","","","","","",
"Botswana","BWA","Literacy rate, youth (ages 15-24), gender parity index (GPI)","SE.ADT.1524.LT.FM.ZS","","","","","","","","","","","","","","","","","","","","","","","","","","","","","","","","1.07394003868103","","","","","","","","","","","","1.03814995288849","","","","","","","","","","","","","","",
"Central African Republic","CAF","Literacy rate, youth (ages 15-24), gender parity index (GPI)","SE.ADT.1524.LT.FM.ZS","","","","","","","","","","","","","","","","0.361510008573532","","","","","","","","","","","","","0.557079970836639","","","","","","","","","","","","0.675249993801117","","","","","","","","","","0.552049994468689","","","","","","","",
"Canada","CAN","Literacy rate, youth (ages 15-24), gender parity index (GPI)","SE.ADT.1524.LT.FM.ZS","","","","","","","","","","","","","","","","","","","","","","","","","","","","","","","","","","","","","","","","","","","","","","","","","","","","","","","","","","",
"Central Europe and the Baltics","CEB","Literacy rate, youth (ages 15-24), gender parity index (GPI)","SE.ADT.1524.LT.FM.ZS","","","","","","","","","","","","","","","","","","","","","","0.999","0.99904","0.99908","0.99919","0.99922","0.99925","0.99929","0.99939","0.99939","0.99946","0.99951","0.99959","0.99965","","","","","","","","","","","","","","","","","","","","","","","","",
"Switzerland","CHE","Literacy rate, youth (ages 15-24), gender parity index (GPI)","SE.ADT.1524.LT.FM.ZS","","","","","","","","","","","","","","","","","","","","","","","","","","","","","","","","","","","","","","","","","","","","","","","","","","","","","","","","","","",
"Channel Islands","CHI","Literacy rate, youth (ages 15-24), gender parity index (GPI)","SE.ADT.1524.LT.FM.ZS","","","","","","","","","","","","","","","","","","","","","","","","","","","","","","","","","","","","","","","","","","","","","","","","","","","","","","","","","","",
"Chile","CHL","Literacy rate, youth (ages 15-24), gender parity index (GPI)","SE.ADT.1524.LT.FM.ZS","","","","","","","","","","","","","","","","","","","","","","","1.00970995426178","","","","","","","","","","1.00555002689362","","","","","","","","","","1.00383996963501","","","","","","1.00082004070282","1.00030994415283","","1.00393998622894","","1.00077998638153","","","","",
"China","CHN","Literacy rate, youth (ages 15-24), gender parity index (GPI)","SE.ADT.1524.LT.FM.ZS","","","","","","","","","","","","","","","","","","","","","","","0.862309992313385","","","","","","","","0.943059980869293","","","","","","","","","","0.993009984493256","","","","","","","","","","0.999029994010925","","","","","","","",
"Cote d'Ivoire","CIV","Literacy rate, youth (ages 15-24), gender parity index (GPI)","SE.ADT.1524.LT.FM.ZS","","","","","","","","","","","","","","","","","","","","","","","","","","","","","0.631479978561401","","","","","","","","","","0.732479989528656","","0.735809981822968","","","","","","","","","","","","0.66430002450943","","0.795610010623932","","","",
"Cameroon","CMR","Literacy rate, youth (ages 15-24), gender parity index (GPI)","SE.ADT.1524.LT.FM.ZS","","","","","","","","","","","","","","","","","0.742079973220825","","","","","","","","","","","","","","","","","","","","","","","","0.881699979305267","","","","","","","0.86651998758316","","","0.894890010356903","","","","","","","",
"Congo, Dem. Rep.","COD","Literacy rate, youth (ages 15-24), gender parity index (GPI)","SE.ADT.1524.LT.FM.ZS","","","","","","","","","","","","","","","","","","","","","","","","","","","","","","","","","","","","","","","","","","0.809050023555756","","","","","","0.674600005149841","","","","","0.84196001291275","","","","0.87635999917984","",
"Congo, Rep.","COG","Literacy rate, youth (ages 15-24), gender parity index (GPI)","SE.ADT.1524.LT.FM.ZS","","","","","","","","","","","","","","","","","","","","","","","","","","","","","","","","","","","","","","","","","","","","","","","","","","","","0.898029983043671","","","","","","",
"Colombia","COL","Literacy rate, youth (ages 15-24), gender parity index (GPI)","SE.ADT.1524.LT.FM.ZS","","","","","","","","","","","","","","","","","","","","","","","","","","","","","","","","","","1.01728999614716","","","1.01225996017456","","","","","","","","1.00880002975464","1.00880002975464","1.0067800283432","1.00960004329681","1.00901997089386","1.01020002365112","1.00854003429413","1.00986003875732","","","1.00882995128632","1.00774002075195","","",
"Comoros","COM","Literacy rate, youth (ages 15-24), gender parity index (GPI)","SE.ADT.1524.LT.FM.ZS","","","","","","","","","","","","","","","","","","","","","0.791530013084412","","","","","","","","","","","","","","","","","","","","0.92383998632431","","","","","","","","","","","","0.942889988422394","","","","","",
"Cabo Verde","CPV","Literacy rate, youth (ages 15-24), gender parity index (GPI)","SE.ADT.1524.LT.FM.ZS","","","","","","","","","","","","","","","","","","","","","","","","","","","","","","","0.960709989070892","","","","","","","","","","","","","","","","","","","","","","1.00538003444672","","","1.01173996925354","","",
"Costa Rica","CRI","Literacy rate, youth (ages 15-24), gender parity index (GPI)","SE.ADT.1524.LT.FM.ZS","","","","","","","","","","","","","","","","","","","","","","","","","1.0081000328064","","","","","","","","","","","","","","","","1.00864994525909","","","","","","","","","","","1.00252997875214","","","","","","",
"Caribbean small states","CSS","Literacy rate, youth (ages 15-24), gender parity index (GPI)","SE.ADT.1524.LT.FM.ZS","","","","","","","","","","","","","","","","","","","","","","","","","","","","","","","","","","1.05355","1.05327","1.0507","1.04802","1.0453","1.04283","1.04005","1.03903","1.03752","1.03628","1.03518","1.03416","1.03295","1.03196","1.03191","1.03083","1.02964","1.03057","","","","","","","",
"Cuba","CUB","Literacy rate, youth (ages 15-24), gender parity index (GPI)","SE.ADT.1524.LT.FM.ZS","","","","","","","","","","","","","","","","","","","","","","","","","","","","","","","","","","","","","","","","","","","0.999960005283356","","","","","","","","","","1.00039994716644","","","","","",
"Curacao","CUW","Literacy rate, youth (ages 15-24), gender parity index (GPI)","SE.ADT.1524.LT.FM.ZS","","","","","","","","","","","","","","","","","","","","","","","","","","","","","","","","","","","","","","","","","","","","","","","","","","","","","","","","","","",
"Cayman Islands","CYM","Literacy rate, youth (ages 15-24), gender parity index (GPI)","SE.ADT.1524.LT.FM.ZS","","","","","","","","","","","","","","","","","","","","","","","","","","","","","","","","","","","","","","","","","","","","","","","","0.994769990444183","","","","","","","","","","",
"Cyprus","CYP","Literacy rate, youth (ages 15-24), gender parity index (GPI)","SE.ADT.1524.LT.FM.ZS","","","","","","","","","","","","","","","","","","","","","","","","","","","","","","","","","1.0008499622345","","","","","","","","","1.00078999996185","","","","","","","","","","1.0003399848938","","","","","","",
"Czech Republic","CZE","Literacy rate, youth (ages 15-24), gender parity index (GPI)","SE.ADT.1524.LT.FM.ZS","","","","","","","","","","","","","","","","","","","","","","","","","","","","","","","","","","","","","","","","","","","","","","","","","","","","","","","","","","",
"Germany","DEU","Literacy rate, youth (ages 15-24), gender parity index (GPI)","SE.ADT.1524.LT.FM.ZS","","","","","","","","","","","","","","","","","","","","","","","","","","","","","","","","","","","","","","","","","","","","","","","","","","","","","","","","","","",
"Djibouti","DJI","Literacy rate, youth (ages 15-24), gender parity index (GPI)","SE.ADT.1524.LT.FM.ZS","","","","","","","","","","","","","","","","","","","","","","","","","","","","","","","","","","","","","","","","","","","","","","","","","","","","","","","","","","",
"Dominica","DMA","Literacy rate, youth (ages 15-24), gender parity index (GPI)","SE.ADT.1524.LT.FM.ZS","","","","","","","","","","","","","","","","","","","","","","","","","","","","","","","","","","","","","","","","","","","","","","","","","","","","","","","","","","",
"Denmark","DNK","Literacy rate, youth (ages 15-24), gender parity index (GPI)","SE.ADT.1524.LT.FM.ZS","","","","","","","","","","","","","","","","","","","","","","","","","","","","","","","","","","","","","","","","","","","","","","","","","","","","","","","","","","",
"Dominican Republic","DOM","Literacy rate, youth (ages 15-24), gender parity index (GPI)","SE.ADT.1524.LT.FM.ZS","","","","","","","","","","","","","","","","","","","","","","1.03299999237061","","","","","","","","","","","","","","","","","","","","","1.02600002288818","","","","","1.02434003353119","","","1.02200996875763","1.0204199552536","1.01503002643585","1.01540005207062","1.00709998607635","1.00829005241394","","",
"Algeria","DZA","Literacy rate, youth (ages 15-24), gender parity index (GPI)","SE.ADT.1524.LT.FM.ZS","","","","","","","","","","","","","","","","","","","","","","","","","","","","0.721459984779358","","","","","","","","","","","","","","","0.915759980678558","","","","0.9444500207901","","0.958150029182434","","","","","","","","","",
"East Asia & Pacific (excluding high income)","EAP","Literacy rate, youth (ages 15-24), gender parity index (GPI)","SE.ADT.1524.LT.FM.ZS","","","","","","","","","","","","","","","","","0.80848","0.81021","0.82568","0.84187","0.85814","0.87214","0.88747","0.89422","0.90357","0.91206","0.91956","0.92749","0.94623","0.94948","0.95258","0.95481","0.95685","0.95855","0.96056","0.96248","0.96475","0.9837","0.98472","0.9862","0.99149","0.98738","0.9884","0.99015","0.99491","0.99567","0.99522","0.99695","0.99815","0.99862","0.99889","0.9986","0.99877","0.9994","0.99957","0.99959","0.99988","",
"Early-demographic dividend","EAR","Literacy rate, youth (ages 15-24), gender parity index (GPI)","SE.ADT.1524.LT.FM.ZS","","","","","","","","","","","","","","","","0.70895","0.7122","0.72195","0.73219","0.74178","0.75211","0.76147","0.77235","0.78187","0.79398","0.80424","0.81422","0.82402","0.79345","0.80225","0.81325","0.82149","0.82858","0.831","0.84115","0.8511","0.8596","0.86642","0.86141","0.87189","0.88072","0.88906","0.89201","0.8932","0.90208","0.89391","0.90374","0.91973","0.92188","0.92844","0.93632","0.95095","0.948","0.95397","0.96058","0.96613","0.97108","",
"East Asia & Pacific","EAS","Literacy rate, youth (ages 15-24), gender parity index (GPI)","SE.ADT.1524.LT.FM.ZS","","","","","","","","","","","","","","","","","0.82987","0.83112","0.84456","0.85863","0.87276","0.88496","0.8984","0.90415","0.91234","0.91988","0.92661","0.93373","0.95081","0.95379","0.95663","0.95872","0.96062","0.96221","0.96407","0.96582","0.96788","0.98507","0.98599","0.98732","0.99212","0.98834","0.98925","0.99084","0.99522","0.99592","0.9955","0.9971","0.99822","0.99865","0.99891","0.99864","0.9988","0.99939","0.99955","0.99957","0.99984","",
"Europe & Central Asia (excluding high income)","ECA","Literacy rate, youth (ages 15-24), gender parity index (GPI)","SE.ADT.1524.LT.FM.ZS","","","","","","","","","","","","","","","","","","","","","","","","0.97727","0.98315","0.98393","0.98483","0.98585","0.98696","0.98372","0.98493","0.98571","0.98664","0.98757","0.98849","0.98938","0.99022","0.99104","0.99176","0.99253","0.98982","0.99031","0.99078","0.99129","0.99177","0.99248","0.9928","0.99268","0.99288","0.99551","0.99621","0.99715","0.99768","0.99813","0.99841","0.99873","0.99909","",
"Europe & Central Asia","ECS","Literacy rate, youth (ages 15-24), gender parity index (GPI)","SE.ADT.1524.LT.FM.ZS","","","","","","","","","","","","","","","","","","","","","","","","","","","0.99322","0.99373","0.994","0.99245","0.99297","0.99327","0.99364","0.99402","0.99439","0.99477","0.99514","0.9955","0.99586","0.99622","0.99476","0.99497","0.9951","0.99536","0.99561","0.99597","0.99619","0.99616","0.9963","0.99764","0.99812","0.99863","0.99889","0.9991","0.99924","0.99946","0.9996","",
"Ecuador","ECU","Literacy rate, youth (ages 15-24), gender parity index (GPI)","SE.ADT.1524.LT.FM.ZS","","","","","","","","","","","","","","","","","","","","","","","0.975929975509644","","","","","","","","0.992309987545013","","","","","","","","","","","1.00118005275726","","","","","","1.00431001186371","","1.00027000904083","1.00390994548798","1.0022200345993","1.00123000144958","1.00054001808167","1.00178003311157","0.995720028877258","1.00159001350403","",
"Egypt, Arab Rep.","EGY","Literacy rate, youth (ages 15-24), gender parity index (GPI)","SE.ADT.1524.LT.FM.ZS","","","","","","","","","","","","","","","","","0.604730010032654","","","","","","","","","","0.756569981575012","","","","","","","","","","0.8473299741745","","","","","","","","","0.876450002193451","0.930509984493256","","","","0.930980026721954","","0.931739985942841","0.964510023593903","","","","",
"Euro area","EMU","Literacy rate, youth (ages 15-24), gender parity index (GPI)","SE.ADT.1524.LT.FM.ZS","","","","","","","","","","","","","","","","","","","","","","","","","","","","","1.00003","1.00005","1.00007","1.00008","1.00014","1.00016","1.00018","1.0002","1.00021","1.0002","1.00029","1.00029","1.00026","1.00024","0.99995","0.99998","1.00004","1.00001","1.00011","1.00016","1.00021","0.99998","1.00031","1.0003","1.00022","1.00007","1.00003","1.0002","1.00006","",
"Eritrea","ERI","Literacy rate, youth (ages 15-24), gender parity index (GPI)","SE.ADT.1524.LT.FM.ZS","","","","","","","","","","","","","","","","","","","","","","","","","","","","","","","","","","","","","","","","","","","0.805570006370544","","","","","","0.904590010643005","","","","","","","","","",
"Spain","ESP","Literacy rate, youth (ages 15-24), gender parity index (GPI)","SE.ADT.1524.LT.FM.ZS","","","","","","","","","","","","","","","","","","","","","","1.00001001358032","","","","","","","","","","1.0003000497818","","","","","","","","","","","","","0.999539971351624","0.999300003051758","","0.999779999256134","1.00074994564056","0.999180018901825","1.00179994106293","1.00092005729675","1.00065004825592","0.999480009078979","0.999289989471436","1.00075995922089","0.999679982662201","",
"Estonia","EST","Literacy rate, youth (ages 15-24), gender parity index (GPI)","SE.ADT.1524.LT.FM.ZS","","","","","","","","","","","","","","","","","","","","","","","","","","","","","","1.00071001052856","","","","","","","","","","","1.00083994865417","","","","","","","","","","","1.00020003318787","","","","","","",
"Ethiopia","ETH","Literacy rate, youth (ages 15-24), gender parity index (GPI)","SE.ADT.1524.LT.FM.ZS","","","","","","","","","","","","","","","","","","","","","","","","","","","","","","","","","","","0.714709997177124","","","","","","","","","","0.618969976902008","0.595860004425049","","0.747030019760132","","","","","","","","","","",
"European Union","EUU","Literacy rate, youth (ages 15-24), gender parity index (GPI)","SE.ADT.1524.LT.FM.ZS","","","","","","","","","","","","","","","","","","","","","","","","","","","","","0.99992","0.99993","0.99996","0.99997","1.00002","1.00004","1.00006","1.00008","1.0001","1.0001","1.00018","1.00019","1.00019","1.00021","1.00005","1.00009","1.00015","1.00015","1.00023","1.00028","1.00027","0.99997","1.00019","1.0002","1.00015","1.00006","1.00005","1.00016","","",
"Fragile and conflict affected situations","FCS","Literacy rate, youth (ages 15-24), gender parity index (GPI)","SE.ADT.1524.LT.FM.ZS","","","","","","","","","","","","","","","","","","","","","","","","","","","","0.78705","0.79025","0.79292","0.79561","0.79863","0.80133","0.80293","0.80758","0.81291","0.81671","0.82013","0.82011","0.82702","0.83265","0.83904","0.84502","0.85103","0.85576","0.85863","0.83453","0.83589","0.83729","0.82859","0.83247","0.85327","0.85361","0.85651","0.86576","0.86998","0.88127","",
"Finland","FIN","Literacy rate, youth (ages 15-24), gender parity index (GPI)","SE.ADT.1524.LT.FM.ZS","","","","","","","","","","","","","","","","","","","","","","","","","","","","","","","","","","","","","","","","","","","","","","","","","","","","","","","","","","",
"Fiji","FJI","Literacy rate, youth (ages 15-24), gender parity index (GPI)","SE.ADT.1524.LT.FM.ZS","","","","","","","","","","","","","","","","","","","","","","","","","","","","","","","","","","","","","","","","","","","","","","","","","","","","","","","","","","",
"France","FRA","Literacy rate, youth (ages 15-24), gender parity index (GPI)","SE.ADT.1524.LT.FM.ZS","","","","","","","","","","","","","","","","","","","","","","","","","","","","","","","","","","","","","","","","","","","","","","","","","","","","","","","","","","",
"Faroe Islands","FRO","Literacy rate, youth (ages 15-24), gender parity index (GPI)","SE.ADT.1524.LT.FM.ZS","","","","","","","","","","","","","","","","","","","","","","","","","","","","","","","","","","","","","","","","","","","","","","","","","","","","","","","","","","",
"Micronesia, Fed. Sts.","FSM","Literacy rate, youth (ages 15-24), gender parity index (GPI)","SE.ADT.1524.LT.FM.ZS","","","","","","","","","","","","","","","","","","","","","","","","","","","","","","","","","","","","","","","","","","","","","","","","","","","","","","","","","","",
"Gabon","GAB","Literacy rate, youth (ages 15-24), gender parity index (GPI)","SE.ADT.1524.LT.FM.ZS","","","","","","","","","","","","","","","","","","","","","","","","","","","","","","","","","","0.975709974765778","","","","","","","","","","","","","","","","","","","1.02333998680115","","","","","",
"United Kingdom","GBR","Literacy rate, youth (ages 15-24), gender parity index (GPI)","SE.ADT.1524.LT.FM.ZS","","","","","","","","","","","","","","","","","","","","","","","","","","","","","","","","","","","","","","","","","","","","","","","","","","","","","","","","","","",
"Georgia","GEO","Literacy rate, youth (ages 15-24), gender parity index (GPI)","SE.ADT.1524.LT.FM.ZS","","","","","","","","","","","","","","","","","","","","","","","","","","","","","","","","","","","","","","","","","","","1.00074005126953","","","","","","","","","","","","1.00051999092102","","","",
"Ghana","GHA","Literacy rate, youth (ages 15-24), gender parity index (GPI)","SE.ADT.1524.LT.FM.ZS","","","","","","","","","","","","","","","","","","","","","","","","","","","","","","","","","","","","","","","","","0.862309992313385","","","","","","","","","","0.942520022392273","","","","","","","",
"Gibraltar","GIB","Literacy rate, youth (ages 15-24), gender parity index (GPI)","SE.ADT.1524.LT.FM.ZS","","","","","","","","","","","","","","","","","","","","","","","","","","","","","","","","","","","","","","","","","","","","","","","","","","","","","","","","","","",
"Guinea","GIN","Literacy rate, youth (ages 15-24), gender parity index (GPI)","SE.ADT.1524.LT.FM.ZS","","","","","","","","","","","","","","","","","","","","","","","","","","","","","","","","","","","","","0.305370002985001","","","","","","","0.572950005531311","","","","","","","0.580209970474243","","","","0.653150022029877","","","",
"Gambia, The","GMB","Literacy rate, youth (ages 15-24), gender parity index (GPI)","SE.ADT.1524.LT.FM.ZS","","","","","","","","","","","","","","","","","","","","","","","","","","","","","","","","","","","","","","","","","0.643360018730164","","","","","","","","","","","","","0.850629985332489","","","","",
"Guinea-Bissau","GNB","Literacy rate, youth (ages 15-24), gender parity index (GPI)","SE.ADT.1524.LT.FM.ZS","","","","","","","","","","","","","","","","","","","","0.298240005970001","","","","","","","","","","","","","","","","","","","","","0.613669991493225","","","","","","","","","","","","","","0.698329985141754","","","",
"Equatorial Guinea","GNQ","Literacy rate, youth (ages 15-24), gender parity index (GPI)","SE.ADT.1524.LT.FM.ZS","","","","","","","","","","","","","","","","","","","","","","","","","","","","","","","","","","","","","","","","","0.989920020103455","","","","","","","","","","","","","","","","","",
"Greece","GRC","Literacy rate, youth (ages 15-24), gender parity index (GPI)","SE.ADT.1524.LT.FM.ZS","","","","","","","","","","","","","","","","","","","","","","0.998350024223328","","","","","","","","","","0.999909996986389","","","","","","","","","","1.0009800195694","","","","0.999909996986389","","1.00235998630524","","0.99957001209259","","1.00235998630524","","","","","","",
"Grenada","GRD","Literacy rate, youth (ages 15-24), gender parity index (GPI)","SE.ADT.1524.LT.FM.ZS","","","","","","","","","","","1.00234997272491","","","","","","","","","","","","","","","","","","","","","","","","","","","","","","","","","","","","","","","","","","","","","","","",
"Greenland","GRL","Literacy rate, youth (ages 15-24), gender parity index (GPI)","SE.ADT.1524.LT.FM.ZS","","","","","","","","","","","","","","","","","","","","","","","","","","","","","","","","","","","","","","","","","","","","","","","","","","","","","","","","1","","",
"Guatemala","GTM","Literacy rate, youth (ages 15-24), gender parity index (GPI)","SE.ADT.1524.LT.FM.ZS","","","","","","","","","","","","","","","","","","","","","","","","","","","","","","","","","","","0.865400016307831","","","","","","","","0.907519996166229","","","","","","","","","","0.963090002536774","0.953159987926483","0.976830005645752","","","",
"Guam","GUM","Literacy rate, youth (ages 15-24), gender parity index (GPI)","SE.ADT.1524.LT.FM.ZS","","","","","","","","","","","","","","","","","","","","","","","","","","","","","","","","","","","","","","","","","","","","","","","","","","","","","","","","","","",
"Guyana","GUY","Literacy rate, youth (ages 15-24), gender parity index (GPI)","SE.ADT.1524.LT.FM.ZS","","","","","","","","","","","","","","","","","","","","","","","","","","","","","","","","","","","","","","","","","","","","","","","","","","1.01350998878479","","","","","1.00732004642487","","","",
"High income","HIC","Literacy rate, youth (ages 15-24), gender parity index (GPI)","SE.ADT.1524.LT.FM.ZS","","","","","","","","","","","","","","","","","","","","","","","","","","","","","","","","","","","","","","","","","","","","","","","","","","","","","","","","","","",
"Hong Kong SAR, China","HKG","Literacy rate, youth (ages 15-24), gender parity index (GPI)","SE.ADT.1524.LT.FM.ZS","","","","","","","","","","","","","","","","","","","","","","","","","","","","","","","","","","","","","","","","","","","","","","","","","","","","","","","","","","",
"Honduras","HND","Literacy rate, youth (ages 15-24), gender parity index (GPI)","SE.ADT.1524.LT.FM.ZS","","","","","","","","","","","","","","","","","","","","","","","","","","","","","","","","","","","","","","","","","","1.04625999927521","","","","","","1.0254499912262","","","1.01514005661011","1.02101004123688","1.02111005783081","1.02608001232147","1.01310002803802","1.02111995220184","1.02423000335693","",
"Heavily indebted poor countries (HIPC)","HPC","Literacy rate, youth (ages 15-24), gender parity index (GPI)","SE.ADT.1524.LT.FM.ZS","","","","","","","","","","","","","","","","","","","","","","","","","","","0.74054","0.74789","0.7542","0.75992","0.76751","0.77035","0.77289","0.77875","0.78568","0.78967","0.79915","0.80818","0.80343","0.80538","0.81473","0.82878","0.7924","0.80204","0.80921","0.81114","0.79892","0.81419","0.81565","0.82125","0.83558","0.86451","0.87056","0.87492","0.88568","0.89384","0.9067","",
"Croatia","HRV","Literacy rate, youth (ages 15-24), gender parity index (GPI)","SE.ADT.1524.LT.FM.ZS","","","","","","","","","","","","","","","","","","","","","","","","","","","","","","","","0.999379992485046","","","","","","","","","","1.00009000301361","","","","","","","","","","1.00023996829987","","","","","","",
"Haiti","HTI","Literacy rate, youth (ages 15-24), gender parity index (GPI)","SE.ADT.1524.LT.FM.ZS","","","","","","","","","","","","","","","","","","","","","","","0.995940029621124","","","","","","","","","","","","","","","","","","","","","0.976189970970154","","","0.947740018367767","","","","","","","","","","","",
"Hungary","HUN","Literacy rate, youth (ages 15-24), gender parity index (GPI)","SE.ADT.1524.LT.FM.ZS","","","","","","","","","","","","","","","","","","","","","0.998960018157959","","","","","","","","","","","","","","","","","","","","","","","","","","","","","","","","","","","","","",
"IBRD only","IBD","Literacy rate, youth (ages 15-24), gender parity index (GPI)","SE.ADT.1524.LT.FM.ZS","","","","","","","","","","","","","","","","0.7936","0.79494","0.7988","0.81014","0.82138","0.83323","0.8438","0.85599","0.86302","0.87275","0.88116","0.88917","0.89647","0.89181","0.89609","0.90117","0.9034","0.90747","0.90931","0.91259","0.91605","0.92007","0.93138","0.92632","0.93085","0.93739","0.93886","0.9439","0.94695","0.95381","0.94689","0.95146","0.95625","0.96046","0.96327","0.96728","0.97022","0.97346","0.97704","0.9799","0.98254","0.9851","",
"IDA & IBRD total","IBT","Literacy rate, youth (ages 15-24), gender parity index (GPI)","SE.ADT.1524.LT.FM.ZS","","","","","","","","","","","","","","","","0.7844","0.7857","0.78935","0.79929","0.80923","0.8198","0.82953","0.84069","0.84755","0.8568","0.86488","0.87232","0.87952","0.87505","0.87952","0.88486","0.88745","0.88963","0.88986","0.89377","0.89766","0.90212","0.9125","0.90802","0.91265","0.91568","0.9188","0.92095","0.92242","0.92941","0.92532","0.92927","0.93704","0.93755","0.9402","0.94445","0.95351","0.95158","0.95426","0.95796","0.961","0.96459","",
"IDA total","IDA","Literacy rate, youth (ages 15-24), gender parity index (GPI)","SE.ADT.1524.LT.FM.ZS","","","","","","","","","","","","","","","","","","","","","0.75957","0.76483","0.77051","0.77613","0.78275","0.78926","0.79405","0.80114","0.7987","0.80531","0.81329","0.81889","0.81475","0.81062","0.81956","0.82733","0.83551","0.84398","0.84351","0.8504","0.84148","0.85175","0.84519","0.8422","0.85076","0.85657","0.85959","0.87806","0.86839","0.87262","0.87986","0.90961","0.89494","0.89745","0.90571","0.91176","0.91966","",
"IDA blend","IDB","Literacy rate, youth (ages 15-24), gender parity index (GPI)","SE.ADT.1524.LT.FM.ZS","","","","","","","","","","","","","","","","","0.80536","0.80874","0.81234","0.81604","0.82004","0.82412","0.82846","0.83285","0.83744","0.84188","0.84361","0.85068","0.85783","0.86472","0.87247","0.87939","0.85793","0.83653","0.84376","0.8511","0.85726","0.86533","0.87301","0.88064","0.84285","0.84999","0.85737","0.83409","0.84271","0.85046","0.86443","0.85934","0.86541","0.8689","0.8731","0.88241","0.88071","0.88052","0.88911","0.89481","0.90083","",
"Indonesia","IDN","Literacy rate, youth (ages 15-24), gender parity index (GPI)","SE.ADT.1524.LT.FM.ZS","","","","","","","","","","","","","","","","","","","","","0.911339998245239","","","","","","","","","","0.976050019264221","","","","","","","","","","","","","","0.996710002422333","","0.992219984531403","","0.998440027236938","0.998459994792938","","0.999469995498657","","","0.999970018863678","0.999350011348724","0.999700009822845","",
"IDA only","IDX","Literacy rate, youth (ages 15-24), gender parity index (GPI)","SE.ADT.1524.LT.FM.ZS","","","","","","","","","","","","","","","","","","","","","","","","0.73531","0.74367","0.75194","0.75925","0.76658","0.75824","0.76504","0.77346","0.77817","0.78544","0.7934","0.80366","0.81181","0.82155","0.83048","0.82452","0.83116","0.84211","0.85456","0.83848","0.84897","0.85723","0.86201","0.85796","0.89264","0.87179","0.8764","0.88545","0.92885","0.90413","0.90789","0.91566","0.92171","0.93047","",
"Isle of Man","IMN","Literacy rate, youth (ages 15-24), gender parity index (GPI)","SE.ADT.1524.LT.FM.ZS","","","","","","","","","","","","","","","","","","","","","","","","","","","","","","","","","","","","","","","","","","","","","","","","","","","","","","","","","","",
"India","IND","Literacy rate, youth (ages 15-24), gender parity index (GPI)","SE.ADT.1524.LT.FM.ZS","","","","","","","","","","","","","","","","","","","","","","0.608030021190643","","","","","","","","","","0.671329975128174","","","","","","","","","","0.804669976234436","","","","","0.841019988059998","","","","","0.908990025520325","","","","","","",
"Not classified","INX","Literacy rate, youth (ages 15-24), gender parity index (GPI)","SE.ADT.1524.LT.FM.ZS","","","","","","","","","","","","","","","","","","","","","","","","","","","","","","","","","","","","","","","","","","","","","","","","","","","","","","","","","","",
"Ireland","IRL","Literacy rate, youth (ages 15-24), gender parity index (GPI)","SE.ADT.1524.LT.FM.ZS","","","","","","","","","","","","","","","","","","","","","","","","","","","","","","","","","","","","","","","","","","","","","","","","","","","","","","","","","","",
"Iran, Islamic Rep.","IRN","Literacy rate, youth (ages 15-24), gender parity index (GPI)","SE.ADT.1524.LT.FM.ZS","","","","","","","","","","","","","","","","","0.597010016441345","","","","","","","","","","0.776009976863861","","","","","0.878459990024567","","","","","0.948069989681244","","","","","","","","","0.986010015010834","0.989570021629334","","0.99194997549057","","","","0.993160009384155","0.993160009384155","0.994769990444183","","","",
"Iraq","IRQ","Literacy rate, youth (ages 15-24), gender parity index (GPI)","SE.ADT.1524.LT.FM.ZS","","","","","","","","","","","","","","","","","","","","","","","","","","","","","","","","","","","","","","","","","0.905239999294281","","","","","","","","","","","","","0.853209972381592","","","","",
"Iceland","ISL","Literacy rate, youth (ages 15-24), gender parity index (GPI)","SE.ADT.1524.LT.FM.ZS","","","","","","","","","","","","","","","","","","","","","","","","","","","","","","","","","","","","","","","","","","","","","","","","","","","","","","","","","","",
"Israel","ISR","Literacy rate, youth (ages 15-24), gender parity index (GPI)","SE.ADT.1524.LT.FM.ZS","","","","","","","","","","","","","","","","","","","","","","","","0.989820003509521","","","","","","","","","","","","","","","","","","","","","","","","","","","","","","","","","","",
"Italy","ITA","Literacy rate, youth (ages 15-24), gender parity index (GPI)","SE.ADT.1524.LT.FM.ZS","","","","","","","","","","","","","","","","","","","","","","0.99889999628067","","","","","","","","","","","","","","","","","","","","1.00015997886658","","","","","","","","","","1.00018000602722","","","","","","",
"Jamaica","JAM","Literacy rate, youth (ages 15-24), gender parity index (GPI)","SE.ADT.1524.LT.FM.ZS","","","","","","","","","","","","","","","","","","","","","","","","","","","","","","","","","","","","","","","","1.10290002822876","","","","","","","","","","","","","","","","","","",
"Jordan","JOR","Literacy rate, youth (ages 15-24), gender parity index (GPI)","SE.ADT.1524.LT.FM.ZS","","","","","","","","","","","","","","","","","","","","0.885590016841888","","","","","","","","","","","","","","","","","","","","","","","","0.995819985866547","","1.00092995166779","","0.999939978122711","","","1.00007998943329","1.00204002857208","1.00203001499176","","","","","",
"Japan","JPN","Literacy rate, youth (ages 15-24), gender parity index (GPI)","SE.ADT.1524.LT.FM.ZS","","","","","","","","","","","","","","","","","","","","","","","","","","","","","","","","","","","","","","","","","","","","","","","","","","","","","","","","","","",
"Kazakhstan","KAZ","Literacy rate, youth (ages 15-24), gender parity index (GPI)","SE.ADT.1524.LT.FM.ZS","","","","","","","","","","","","","","","","","","","","","","","","","","","","","","0.994499981403351","","","","","","","","","","1.00058996677399","","","","","","","","","","1.00060999393463","0.999109983444214","","","","","","","",
"Kenya","KEN","Literacy rate, youth (ages 15-24), gender parity index (GPI)","SE.ADT.1524.LT.FM.ZS","","","","","","","","","","","","","","","","","","","","","","","","","","","","","","","","","","","","","","","","","0.985350012779236","","","","","","","0.981100022792816","","","","","","","0.990769982337952","","","",
"Kyrgyz Republic","KGZ","Literacy rate, youth (ages 15-24), gender parity index (GPI)","SE.ADT.1524.LT.FM.ZS","","","","","","","","","","","","","","","","","","","","","","","","","","","","","","","","","","","","","","","","1.00091004371643","","","","","","","","","","1.00094997882843","","","","","","","","",
"Cambodia","KHM","Literacy rate, youth (ages 15-24), gender parity index (GPI)","SE.ADT.1524.LT.FM.ZS","","","","","","","","","","","","","","","","","","","","","","","","","","","","","","","","","","","","","","","0.868350028991699","","","","","","0.897360026836395","","","","0.956939995288849","0.971849977970123","","","","","","","","",
"Kiribati","KIR","Literacy rate, youth (ages 15-24), gender parity index (GPI)","SE.ADT.1524.LT.FM.ZS","","","","","","","","","","","","","","","","","","","","","","","","","","","","","","","","","","","","","","","","","","","","","","","","","","","","","","","","","","",
"St. Kitts and Nevis","KNA","Literacy rate, youth (ages 15-24), gender parity index (GPI)","SE.ADT.1524.LT.FM.ZS","","","","","","","","","","","","","","","","","","","","","","","","","","","","","","","","","","","","","","","","","","","","","","","","","","","","","","","","","","",
"Korea, Rep.","KOR","Literacy rate, youth (ages 15-24), gender parity index (GPI)","SE.ADT.1524.LT.FM.ZS","","","","","","","","","","","","","","","","","","","","","","","","","","","","","","","","","","","","","","","","","","","","","","","","","","","","","","","","","","",
"Kuwait","KWT","Literacy rate, youth (ages 15-24), gender parity index (GPI)","SE.ADT.1524.LT.FM.ZS","","","","","","","","","","","","","","","","0.849640011787415","","","","","0.935320019721985","","","","","0.927240014076233","","","","","","","","","","0.961459994316101","","","","","","","","","","1.00097000598907","0.999769985675812","1.00110995769501","1.00177001953125","","0.996519982814789","","1.00100004673004","0.997870028018951","","1.00251996517181","","",
"Latin America & Caribbean (excluding high income)","LAC","Literacy rate, youth (ages 15-24), gender parity index (GPI)","SE.ADT.1524.LT.FM.ZS","","","","","","","","","","","","","","","0.97737","0.97762","0.9812","0.98561","0.99048","0.99509","0.99943","1.00357","1.00761","1.0116","1.01529","1.01876","1.02172","1.02153","1.02302","1.02607","1.02894","1.0259","1.02263","1.0189","1.01524","1.01147","1.01125","1.00997","1.00966","1.01036","1.01069","1.01029","1.00887","1.00686","1.00818","1.008","1.00439","1.00515","1.00489","1.00401","1.00635","1.00562","1.00497","1.00473","1.00415","1.00417","1.0045","",
"Lao PDR","LAO","Literacy rate, youth (ages 15-24), gender parity index (GPI)","SE.ADT.1524.LT.FM.ZS","","","","","","","","","","","","","","","","","","","","","","","","","","","","","","","","","","","","0.812709987163544","","","","","0.835330009460449","0.904150009155273","","","","0.882860004901886","","","","","","0.867760002613068","","","","","","",
"Lebanon","LBN","Literacy rate, youth (ages 15-24), gender parity index (GPI)","SE.ADT.1524.LT.FM.ZS","","","","","","","","","","","","","","","","","","","","","","","","","","","","","","","","","","","","","","","","","","","","","","","","1.00697004795074","","1.00176000595093","","","","","","","","",
"Liberia","LBR","Literacy rate, youth (ages 15-24), gender parity index (GPI)","SE.ADT.1524.LT.FM.ZS","","","","","","","","","","","","","","","","","","","","","","","","","0.536779999732971","","","","","","","","","","","","","","","","","","","","","","","0.585810005664825","","","","","","","","","","",
"Libya","LBY","Literacy rate, youth (ages 15-24), gender parity index (GPI)","SE.ADT.1524.LT.FM.ZS","","","","","","","","","","","","","","","","","","","","","","","","","0.820739984512329","","","","","","","","","","","","","","","","","","","","","","","","","","","","","","","","","",
"St. Lucia","LCA","Literacy rate, youth (ages 15-24), gender parity index (GPI)","SE.ADT.1524.LT.FM.ZS","","","","","","","","","","","","","","","","","","","","","","","","","","","","","","","","","","","","","","","","","","","","","","","","","","","","","","","","","","",
"Latin America & Caribbean","LCN","Literacy rate, youth (ages 15-24), gender parity index (GPI)","SE.ADT.1524.LT.FM.ZS","","","","","","","","","","","","","","","0.97913","0.97934","0.98268","0.98681","0.99142","0.99578","0.99991","1.00384","1.00769","1.01149","1.01501","1.01833","1.02117","1.02106","1.0225","1.0251","1.02784","1.02497","1.02188","1.01836","1.01488","1.01128","1.01107","1.00985","1.00955","1.01018","1.0105","1.01013","1.00877","1.00684","1.00812","1.00796","1.00445","1.00507","1.00479","1.00391","1.00619","1.00552","1.00491","1.0046","1.00405","1.00405","1.00438","",
"Least developed countries: UN classification","LDC","Literacy rate, youth (ages 15-24), gender parity index (GPI)","SE.ADT.1524.LT.FM.ZS","","","","","","","","","","","","","","","","","","","","","","0.68715","0.69497","0.70279","0.71234","0.72183","0.73015","0.73859","0.72974","0.73762","0.74729","0.75237","0.76039","0.76929","0.78093","0.78943","0.79986","0.80956","0.80274","0.81009","0.82282","0.83629","0.81764","0.82889","0.8381","0.84544","0.84005","0.87971","0.85584","0.86403","0.87242","0.92088","0.89508","0.89939","0.90621","0.91291","0.9227","",
"Low income","LIC","Literacy rate, youth (ages 15-24), gender parity index (GPI)","SE.ADT.1524.LT.FM.ZS","","","","","","","","","","","","","","","","","","","","","","","","","","0.71665","0.72488","0.73383","0.73857","0.74549","0.75472","0.758","0.7609","0.76702","0.77448","0.7779","0.78643","0.79449","0.78936","0.79357","0.80526","0.82043","0.77703","0.78697","0.79484","0.80057","0.78877","0.80721","0.80608","0.81771","0.82943","0.86161","0.86792","0.87212","0.88121","0.88943","0.90333","",
"Liechtenstein","LIE","Literacy rate, youth (ages 15-24), gender parity index (GPI)","SE.ADT.1524.LT.FM.ZS","","","","","","","","","","","","","","","","","","","","","","","","","","","","","","","","","","","","","","","","","","","","","","","","","","","","","","","","","","",
"Sri Lanka","LKA","Literacy rate, youth (ages 15-24), gender parity index (GPI)","SE.ADT.1524.LT.FM.ZS","","","","","","","","","","","","","","","","","","","","","","0.981630027294159","","","","","","","","","","","","","","","","","","","","1.01110994815826","","","","","1.00940001010895","","1.01287996768951","","1.00924003124237","","","","","","","",
"Lower middle income","LMC","Literacy rate, youth (ages 15-24), gender parity index (GPI)","SE.ADT.1524.LT.FM.ZS","","","","","","","","","","","","","","","","0.70655","0.70849","0.71698","0.72587","0.73522","0.74421","0.75241","0.76232","0.77029","0.78005","0.78942","0.79813","0.80888","0.77588","0.78558","0.79547","0.80271","0.80973","0.81177","0.82228","0.83234","0.84131","0.84923","0.84412","0.85474","0.85568","0.86471","0.87606","0.87764","0.88721","0.8777","0.88893","0.90207","0.90485","0.91046","0.91904","0.93394","0.93128","0.93776","0.94547","0.95141","0.95664","",
"Low & middle income","LMY","Literacy rate, youth (ages 15-24), gender parity index (GPI)","SE.ADT.1524.LT.FM.ZS","","","","","","","","","","","","","","","","0.78187","0.78331","0.78716","0.79738","0.80758","0.8184","0.82835","0.83971","0.84672","0.85611","0.86431","0.87183","0.87911","0.87466","0.87918","0.88453","0.8871","0.88924","0.88942","0.89329","0.89714","0.90158","0.91199","0.90747","0.91212","0.91517","0.91831","0.92049","0.92198","0.92904","0.92495","0.92894","0.93677","0.9373","0.93998","0.94425","0.95335","0.95142","0.95413","0.95785","0.9609","0.96451","",
"Lesotho","LSO","Literacy rate, youth (ages 15-24), gender parity index (GPI)","SE.ADT.1524.LT.FM.ZS","","","","","","","","","","","","","","","","","","","","","","","","","","","","","","","","","","","","","","","","","1.14936995506287","","","","","","","","","1.24141001701355","","","","","1.18041002750397","","","",
"Late-demographic dividend","LTE","Literacy rate, youth (ages 15-24), gender parity index (GPI)","SE.ADT.1524.LT.FM.ZS","","","","","","","","","","","","","","","","","0.84773","0.84877","0.86115","0.87387","0.88657","0.89746","0.9098","0.91475","0.92218","0.92911","0.93533","0.94151","0.95821","0.9609","0.96388","0.96447","0.96536","0.96616","0.96691","0.96757","0.96951","0.98672","0.98766","0.98868","0.99399","0.98983","0.9905","0.99065","0.99562","0.99612","0.99615","0.99732","0.99754","0.99778","0.99825","0.99788","0.99908","0.99983","1.00008","1.00026","1.00064","",
"Lithuania","LTU","Literacy rate, youth (ages 15-24), gender parity index (GPI)","SE.ADT.1524.LT.FM.ZS","","","","","","","","","","","","","","","","","","","","","","","","","","","","","","1.0006799697876","","","","","","","","","","","","1.00080001354218","","","","","","","","","","1.00021004676819","","","","","","",
"Luxembourg","LUX","Literacy rate, youth (ages 15-24), gender parity index (GPI)","SE.ADT.1524.LT.FM.ZS","","","","","","","","","","","","","","","","","","","","","","","","","","","","","","","","","","","","","","","","","","","","","","","","","","","","","","","","","","",
"Latvia","LVA","Literacy rate, youth (ages 15-24), gender parity index (GPI)","SE.ADT.1524.LT.FM.ZS","","","","","","","","","","","","","","","","","","","","","","","","","","","","","","1.00071001052856","","","","","","","","","","","1.00065004825592","","","","","","","","","","","1.0006799697876","","","","","","",
"Macao SAR, China","MAC","Literacy rate, youth (ages 15-24), gender parity index (GPI)","SE.ADT.1524.LT.FM.ZS","","","","","","","","","","","","","","","","","","","","","","0.990149974822998","","","","","","","","","","","","","","","","","","","","1.00381994247437","","","","","1.00112998485565","","","","","1.00034999847412","","","","","1.00139999389648","",
"St. Martin (French part)","MAF","Literacy rate, youth (ages 15-24), gender parity index (GPI)","SE.ADT.1524.LT.FM.ZS","","","","","","","","","","","","","","","","","","","","","","","","","","","","","","","","","","","","","","","","","","","","","","","","","","","","","","","","","","",
"Morocco","MAR","Literacy rate, youth (ages 15-24), gender parity index (GPI)","SE.ADT.1524.LT.FM.ZS","","","","","","","","","","","","","","","","","","","","","","","0.532559990882874","","","","","","","","","","","","0.644339978694916","","","","","","","","","","0.748650014400482","","","","0.814610004425049","0.831849992275238","","0.833440005779266","0.927680015563965","","","","","",
"Monaco","MCO","Literacy rate, youth (ages 15-24), gender parity index (GPI)","SE.ADT.1524.LT.FM.ZS","","","","","","","","","","","","","","","","","","","","","","","","","","","","","","","","","","","","","","","","","","","","","","","","","","","","","","","","","","",
"Moldova","MDA","Literacy rate, youth (ages 15-24), gender parity index (GPI)","SE.ADT.1524.LT.FM.ZS","","","","","","","","","","","","","","","","","","","","","","","","","","","","","","1.00018000602722","","","","","","","","","","","1.00250005722046","","","","","","","","","","","","1.00250005722046","","","","","",
"Madagascar","MDG","Literacy rate, youth (ages 15-24), gender parity index (GPI)","SE.ADT.1524.LT.FM.ZS","","","","","","","","","","","","","","","","","","","","","","","","","","","","","","","","","","","","","","","","","0.938499987125397","","","","","","","","","0.970449984073639","","","0.960359990596771","","","","","",
"Maldives","MDV","Literacy rate, youth (ages 15-24), gender parity index (GPI)","SE.ADT.1524.LT.FM.ZS","","","","","","","","","","","","","","","","","","1.03552997112274","","","","","","","","1.01357996463776","","","","","1.0024299621582","","","","","1.00269997119904","","","","","1.00269997119904","","","","","","1.00120997428894","","","","","","","","1.00362002849579","","","",
"Middle East & North Africa","MEA","Literacy rate, youth (ages 15-24), gender parity index (GPI)","SE.ADT.1524.LT.FM.ZS","","","","","","","","","","","","","","","0.6386","0.64586","0.65171","0.66027","0.66929","0.67908","0.68972","0.70083","0.71208","0.71726","0.73146","0.74493","0.75794","0.76918","0.78154","0.79345","0.81365","0.8222","0.83292","0.82719","0.83844","0.85429","0.86431","0.87326","0.88216","0.89113","0.89914","0.90657","0.91493","0.90382","0.91141","0.91668","0.93054","0.93456","0.93787","0.93064","0.93333","0.93273","0.93873","0.9463","0.94904","0.95082","0.95197","",
"Mexico","MEX","Literacy rate, youth (ages 15-24), gender parity index (GPI)","SE.ADT.1524.LT.FM.ZS","","","","","","","","","","","","","","","","","","","","","0.976080000400543","","","","","","","","","","0.98895001411438","","","","","","","","","","0.997219979763031","","0.993170022964478","","1.00092995166779","0.999830007553101","0.995779991149902","0.99915999174118","0.999459981918335","0.997080028057098","1.00118005275726","1.00092005729675","1.00312995910645","1.00075995922089","1.00159001350403","1.00143003463745","","",
"Marshall Islands","MHL","Literacy rate, youth (ages 15-24), gender parity index (GPI)","SE.ADT.1524.LT.FM.ZS","","","","","","","","","","","","","","","","","","","","","","","","","","","","","","","","","","","","","","","","","","","","","","","","","","","","1.00598001480103","","","","","","",
"Middle income","MIC","Literacy rate, youth (ages 15-24), gender parity index (GPI)","SE.ADT.1524.LT.FM.ZS","","","","","","","","","","","","","","","","0.78934","0.79076","0.79477","0.80543","0.81607","0.82727","0.83736","0.84895","0.85589","0.86522","0.87333","0.88089","0.88819","0.88332","0.88787","0.89315","0.89578","0.89797","0.8979","0.9017","0.90579","0.91013","0.92088","0.91653","0.92142","0.924","0.92643","0.93241","0.9334","0.94074","0.93592","0.94145","0.9488","0.94965","0.95207","0.95608","0.96358","0.96126","0.96426","0.96784","0.97072","0.97344","",
"Macedonia, FYR","MKD","Literacy rate, youth (ages 15-24), gender parity index (GPI)","SE.ADT.1524.LT.FM.ZS","","","","","","","","","","","","","","","","","","","","","","","","","","","","","","","","","","","0.994170010089874","","","","","","","","0.994949996471405","","","","","","","","","","","","","","","",
"Mali","MLI","Literacy rate, youth (ages 15-24), gender parity index (GPI)","SE.ADT.1524.LT.FM.ZS","","","","","","","","","","","","","","","","","0.505320012569427","","","","","","","","","","","","","","","","","","","","","","0.522790014743805","","","","","","","","0.650030016899109","","","","0.602180004119873","0.69268000125885","","","","0.647790014743805","","",
"Malta","MLT","Literacy rate, youth (ages 15-24), gender parity index (GPI)","SE.ADT.1524.LT.FM.ZS","","","","","","","","","","","","","","","","","","","","","","","","","","1.02002000808716","","","","","","","","","","1.03647005558014","","","","","","","","","","1.01693999767303","","","","","","1.00998997688293","","","","","","",
"Myanmar","MMR","Literacy rate, youth (ages 15-24), gender parity index (GPI)","SE.ADT.1524.LT.FM.ZS","","","","","","","","","","","","","","","","","","","","","","","","0.918460011482239","","","","","","","","","","","","","","","","","0.975809991359711","","","","","","","","","","","","","","","","0.991710007190704","",
"Middle East & North Africa (excluding high income)","MNA","Literacy rate, youth (ages 15-24), gender parity index (GPI)","SE.ADT.1524.LT.FM.ZS","","","","","","","","","","","","","0.59267","0.60153","0.61023","0.61861","0.62553","0.63526","0.64551","0.65611","0.66816","0.68046","0.69208","0.69791","0.71374","0.72879","0.74366","0.75644","0.7699","0.78282","0.80492","0.81386","0.82539","0.81833","0.83012","0.84714","0.85777","0.86716","0.87301","0.88221","0.89041","0.89828","0.90718","0.89449","0.90293","0.90882","0.92434","0.92881","0.93234","0.92455","0.92725","0.92524","0.93191","0.9404","0.94317","0.94489","0.94606","",
"Montenegro","MNE","Literacy rate, youth (ages 15-24), gender parity index (GPI)","SE.ADT.1524.LT.FM.ZS","","","","","","","","","","","","","","","","","","","","","","0.991310000419617","","","","","","","","","","0.997219979763031","","","","","","","","","","","","0.999019980430603","","","","","","","","0.996900022029877","","","","","","",
"Mongolia","MNG","Literacy rate, youth (ages 15-24), gender parity index (GPI)","SE.ADT.1524.LT.FM.ZS","","","","","","","","","","","","","","","","","","","","","","","","","","","","","","","","","","","","","","","","","1.01478004455566","","","","","","","","","","1.00905001163483","","","","","","","",
"Northern Mariana Islands","MNP","Literacy rate, youth (ages 15-24), gender parity index (GPI)","SE.ADT.1524.LT.FM.ZS","","","","","","","","","","","","","","","","","","","","","","","","","","","","","","","","","","","","","","","","","","","","","","","","","","","","","","","","","","",
"Mozambique","MOZ","Literacy rate, youth (ages 15-24), gender parity index (GPI)","SE.ADT.1524.LT.FM.ZS","","","","","","","","","","","","","","","","","","","","","0.392710000276566","","","","","","","","","","","","","","","","","0.614830017089844","","","","","","0.672919988632202","","","","","","0.708159983158112","","","","","","","","",
"Mauritania","MRT","Literacy rate, youth (ages 15-24), gender parity index (GPI)","SE.ADT.1524.LT.FM.ZS","","","","","","","","","","","","","","","","","","","","","","","","","","","","","","","","","","","","","","","","","0.819159984588623","","","","","","","0.718559980392456","","","","","","","","","","",
"Mauritius","MUS","Literacy rate, youth (ages 15-24), gender parity index (GPI)","SE.ADT.1524.LT.FM.ZS","","","","","","","","","","","","","","","","","","","","","","","","","","","","","","","1.01113998889923","","","","","","","","","","1.01750004291534","","","","","","","","","","","1.00908005237579","","","","","","",
"Malawi","MWI","Literacy rate, youth (ages 15-24), gender parity index (GPI)","SE.ADT.1524.LT.FM.ZS","","","","","","","","","","","","","","","","","","","","","","","","","","","","0.697440028190613","","","","","","","","","","","0.861249983310699","","","","","","","","","","","","0.94226998090744","","","","0.930800020694733","1.01233005523682","","",
"Malaysia","MYS","Literacy rate, youth (ages 15-24), gender parity index (GPI)","SE.ADT.1524.LT.FM.ZS","","","","","","","","","","","","","","","","","","","","","0.966880023479462","","","","","","","","","","","0.992860019207001","","","","","","","","","1.00060999393463","","","","","","","","","","1.00077998638153","","","","","","","",
"North America","NAC","Literacy rate, youth (ages 15-24), gender parity index (GPI)","SE.ADT.1524.LT.FM.ZS","","","","","","","","","","","","","","","","","","","","","","","","","","","","","","","","","","","","","","","","","","","","","","","","","","","","","","","","","","",
"Namibia","NAM","Literacy rate, youth (ages 15-24), gender parity index (GPI)","SE.ADT.1524.LT.FM.ZS","","","","","","","","","","","","","","","","","","","","","","","","","","","","","","","","1.05500996112823","","","","","","","","","","1.02725005149841","","","","","","1.08861994743347","","","","1.02020001411438","","","","","","",
"New Caledonia","NCL","Literacy rate, youth (ages 15-24), gender parity index (GPI)","SE.ADT.1524.LT.FM.ZS","","","","","","","","","","","","","","","","","","","","","","","","","","","","","","","","","","","","","","","","","","","","","","","","","","","","","","","","","","",
"Niger","NER","Literacy rate, youth (ages 15-24), gender parity index (GPI)","SE.ADT.1524.LT.FM.ZS","","","","","","","","","","","","","","","","","","","","","","","","","","","","","","","","","","","","","","","","","","0.542639970779419","","","","0.442279994487762","","","","","","","0.436030000448227","","","","","",
"Nigeria","NGA","Literacy rate, youth (ages 15-24), gender parity index (GPI)","SE.ADT.1524.LT.FM.ZS","","","","","","","","","","","","","","","","","","","","","","","","","","","","","","","","0.768079996109009","","","","","","","","","","","","0.774489998817444","","","","","0.766929984092712","","","","","","","","","",
"Nicaragua","NIC","Literacy rate, youth (ages 15-24), gender parity index (GPI)","SE.ADT.1524.LT.FM.ZS","","","","","","","","","","","","","","","","","","","","","","","","","","","","","","","","","","","","","","","","","","1.0620299577713","","","","1.04330003261566","","","","","","","","","","","","",
"Netherlands","NLD","Literacy rate, youth (ages 15-24), gender parity index (GPI)","SE.ADT.1524.LT.FM.ZS","","","","","","","","","","","","","","","","","","","","","","","","","","","","","","","","","","","","","","","","","","","","","","","","","","","","","","","","","","",
"Norway","NOR","Literacy rate, youth (ages 15-24), gender parity index (GPI)","SE.ADT.1524.LT.FM.ZS","","","","","","","","","","","","","","","","","","","","","","","","","","","","","","","","","","","","","","","","","","","","","","","","","","","","","","","","","","",
"Nepal","NPL","Literacy rate, youth (ages 15-24), gender parity index (GPI)","SE.ADT.1524.LT.FM.ZS","","","","","","","","","","","","","","","","","","","","","","0.331880003213882","","","","","","","","","","0.478769987821579","","","","","","","","","","0.746050000190735","","","","","","","","","","0.892340004444122","","","","","","",
"Nauru","NRU","Literacy rate, youth (ages 15-24), gender parity index (GPI)","SE.ADT.1524.LT.FM.ZS","","","","","","","","","","","","","","","","","","","","","","","","","","","","","","","","","","","","","","","","","","","","","","","","","","","","","","","","","","",
"New Zealand","NZL","Literacy rate, youth (ages 15-24), gender parity index (GPI)","SE.ADT.1524.LT.FM.ZS","","","","","","","","","","","","","","","","","","","","","","","","","","","","","","","","","","","","","","","","","","","","","","","","","","","","","","","","","","",
"OECD members","OED","Literacy rate, youth (ages 15-24), gender parity index (GPI)","SE.ADT.1524.LT.FM.ZS","","","","","","","","","","","","","","","","","","","","","","","","","","","","","","","","","","","","","","","","","","","","","","","","","","","","","","","","","","",
"Oman","OMN","Literacy rate, youth (ages 15-24), gender parity index (GPI)","SE.ADT.1524.LT.FM.ZS","","","","","","","","","","","","","","","","","","","","","","","","","","","","","","","","","","","","","","","","","","","","0.98769998550415","","","","","0.999909996986389","","1.0077999830246","","","","0.999249994754791","0.993149995803833","1.0047299861908","",
"Other small states","OSS","Literacy rate, youth (ages 15-24), gender parity index (GPI)","SE.ADT.1524.LT.FM.ZS","","","","","","","","","","","","","","","","","","","","","","","","","0.95499","0.95582","0.95662","0.95839","0.96014","0.96141","0.96167","0.9637","0.96513","0.96553","0.96709","0.96676","0.9668","0.96728","0.96304","0.96471","0.9674","0.96989","0.97283","0.97521","0.9783","0.98105","0.98575","0.9918","0.99533","0.99071","0.98012","0.981","0.9823","0.98228","0.98534","0.98844","0.99024","",
"Pakistan","PAK","Literacy rate, youth (ages 15-24), gender parity index (GPI)","SE.ADT.1524.LT.FM.ZS","","","","","","","","","","","","","","","","","","","","","","0.535539984703064","","","","","","","","","","","","","","","","","0.642059981822968","","","","","","","0.692589998245239","0.737909972667694","","0.771210014820099","0.77658998966217","0.783590018749237","0.809010028839111","0.803030014038086","0.798929989337921","0.821749985218048","","","",
"Panama","PAN","Literacy rate, youth (ages 15-24), gender parity index (GPI)","SE.ADT.1524.LT.FM.ZS","","","","","","","","","","","","","","","","","","","","","1.00372004508972","","","","","","","","","","0.993539988994598","","","","","","","","","","0.990599989891052","","","","","","","","","","0.993900001049042","","","","","","","",
"Peru","PER","Literacy rate, youth (ages 15-24), gender parity index (GPI)","SE.ADT.1524.LT.FM.ZS","","","","","","","","","","","","","","","","","","","","","","0.930069983005524","","","","","","","","","","","","0.967010021209717","","","","","","","","","","","0.978049993515015","0.983319997787476","0.984210014343262","0.986649990081787","","","","","0.999559998512268","","0.996290028095245","0.995299994945526","0.995800018310547","",
"Philippines","PHL","Literacy rate, youth (ages 15-24), gender parity index (GPI)","SE.ADT.1524.LT.FM.ZS","","","","","","","","","","","","","","","","","","","","","1.01543998718262","","","","","","","","","","1.00624001026154","","","","1.00487005710602","","","","","","1.01336002349854","","","1.03208005428314","","","","","1.01516997814178","","","","","1.01426994800568","","","","",
"Palau","PLW","Literacy rate, youth (ages 15-24), gender parity index (GPI)","SE.ADT.1524.LT.FM.ZS","","","","","","","","","","","","","","","","","","","","","1.00173997879028","","","","","","","","","","","","","","","","","","","","","","","","","","","","","","","","","1.00059998035431","","1.00941002368927","","",
"Papua New Guinea","PNG","Literacy rate, youth (ages 15-24), gender parity index (GPI)","SE.ADT.1524.LT.FM.ZS","","","","","","","","","","","","","","","","","","","","","","","","","","","","","","","","","","","","","","","","","0.926580011844635","","","","","","","","","","","","","","","","","",
"Poland","POL","Literacy rate, youth (ages 15-24), gender parity index (GPI)","SE.ADT.1524.LT.FM.ZS","","","","","","","","","","","","","","","","","","","1.00037002563477","","","","","","","","","","","","","","","","","","","","","","","","","","","","","","","","","","","","","","","",
"Pre-demographic dividend","PRE","Literacy rate, youth (ages 15-24), gender parity index (GPI)","SE.ADT.1524.LT.FM.ZS","","","","","","","","","","","","","","","","","","","","","","","","","","","0.73955","0.74864","0.7569","0.7655","0.77366","0.77733","0.78244","0.78972","0.79733","0.80319","0.81228","0.82045","0.81768","0.81915","0.78805","0.79903","0.80575","0.81442","0.81983","0.82064","0.8129","0.80695","0.80668","0.80516","0.81375","0.83836","0.84205","0.84587","0.85571","0.86323","0.875","",
"Puerto Rico","PRI","Literacy rate, youth (ages 15-24), gender parity index (GPI)","SE.ADT.1524.LT.FM.ZS","","","","","","","","","","","","","","","","","","","","","1.01482999324799","","","","","","","","","","1.02047002315521","","","","","","","","","","","","","","","","","","","","1.00039994716644","","","","","","","",
"Korea, Dem. People’s Rep.","PRK","Literacy rate, youth (ages 15-24), gender parity index (GPI)","SE.ADT.1524.LT.FM.ZS","","","","","","","","","","","","","","","","","","","","","","","","","","","","","","","","","","","","","","","","","","","","","","","","","1","","","","","","","","","",
"Portugal","PRT","Literacy rate, youth (ages 15-24), gender parity index (GPI)","SE.ADT.1524.LT.FM.ZS","","","","","","","","","","","","","","","","","","","","","","1.00571000576019","","","","","","","","","","1.00116002559662","","","","","","","","","","","","","","","","","","","","1.00088000297546","","","","","","",
"Paraguay","PRY","Literacy rate, youth (ages 15-24), gender parity index (GPI)","SE.ADT.1524.LT.FM.ZS","","","","","","","","","","","","","","","","","","","","","","","0.986999988555908","","","","","","","","","","0.994830012321472","","","","","","","","","","","","","","","0.999689996242523","1.00552999973297","1.00966000556946","1.00232005119324","","","","0.995609998703003","1.00592994689941","","",
"West Bank and Gaza","PSE","Literacy rate, youth (ages 15-24), gender parity index (GPI)","SE.ADT.1524.LT.FM.ZS","","","","","","","","","","","","","","","","","","","","","","","","","","","","","","","","","","","","","","1.00284004211426","","","","","","","0.998279988765717","","1.00107002258301","0.998510003089905","0.996020019054413","1.00001001358032","1.00063002109528","1.00108003616333","0.998809993267059","0.998549997806549","0.999130010604858","0.998570024967194","0.998610019683838","",
"Pacific island small states","PSS","Literacy rate, youth (ages 15-24), gender parity index (GPI)","SE.ADT.1524.LT.FM.ZS","","","","","","","","","","","","","","","","","","","","","","","","","","","","","","","","","","","","","","","","","","","","","","","","","","","","","","","","","","",
"Post-demographic dividend","PST","Literacy rate, youth (ages 15-24), gender parity index (GPI)","SE.ADT.1524.LT.FM.ZS","","","","","","","","","","","","","","","","","","","","","","","","","","","","","","","","","","","","","","","","","","","","","","","","","","","","","","","","","","",
"French Polynesia","PYF","Literacy rate, youth (ages 15-24), gender parity index (GPI)","SE.ADT.1524.LT.FM.ZS","","","","","","","","","","","","","","","","","","","","","","","","","","","","","","","","","","","","","","","","","","","","","","","","","","","","","","","","","","",
"Qatar","QAT","Literacy rate, youth (ages 15-24), gender parity index (GPI)","SE.ADT.1524.LT.FM.ZS","","","","","","","","","","","","","","","","","","","","","","","","","","","1.03053998947144","","","","","","","","","","","1.01792001724243","","","","","","","1.02796995639801","","","0.998690009117126","1.01643002033234","1.00250005722046","1.02011001110077","1.01198995113373","1.01163995265961","1.00519001483917","1.01286995410919","","","",
"Romania","ROU","Literacy rate, youth (ages 15-24), gender parity index (GPI)","SE.ADT.1524.LT.FM.ZS","","","","","","","","","","","","","","","","","","","","","","","","","","","","","","","","","0.998510003089905","","","","","","","","","","1.00036001205444","","","","","","","","","0.999620020389557","","","","","","",
"Russian Federation","RUS","Literacy rate, youth (ages 15-24), gender parity index (GPI)","SE.ADT.1524.LT.FM.ZS","","","","","","","","","","","","","","","","","","","","","","","","","","","","","","1.00058996677399","","","","","","","","","","","","","1.00092005729675","","","","","","","","1.00095999240875","","","","","","","",
"Rwanda","RWA","Literacy rate, youth (ages 15-24), gender parity index (GPI)","SE.ADT.1524.LT.FM.ZS","","","","","","","","","","","","","","","","","","","0.749149978160858","","","","","","","","","","","","","","","","","","","","","","0.978860020637512","","","","","","","","","","1.0171400308609","","1.02918004989624","","","","","",
"South Asia","SAS","Literacy rate, youth (ages 15-24), gender parity index (GPI)","SE.ADT.1524.LT.FM.ZS","","","","","","","","","","","","","","","","0.53499","0.53497","0.549","0.5637","0.57905","0.59366","0.60599","0.62288","0.6387","0.65505","0.67098","0.68644","0.70007","0.63602","0.65244","0.66873","0.68047","0.69213","0.69963","0.71613","0.73175","0.74649","0.7588","0.75284","0.77053","0.78737","0.80116","0.81891","0.8241","0.83956","0.82389","0.84158","0.86561","0.86847","0.88017","0.89246","0.91765","0.91298","0.92151","0.93236","0.94159","0.94984","",
"Saudi Arabia","SAU","Literacy rate, youth (ages 15-24), gender parity index (GPI)","SE.ADT.1524.LT.FM.ZS","","","","","","","","","","","","","","","","","","","","","","","","","","","","","","","","","0.862820029258728","","","","","","","","0.955529987812042","","","","0.976509988307953","","","","","","","","","0.998350024223328","","","","",
"Sudan","SDN","Literacy rate, youth (ages 15-24), gender parity index (GPI)","SE.ADT.1524.LT.FM.ZS","","","","","","","","","","","","","","","","","","","","","","","","","","","","","","","","","","","","","","","","","0.844060003757477","","","","","","","","0.913339972496033","","","","","","","","","",
"Senegal","SEN","Literacy rate, youth (ages 15-24), gender parity index (GPI)","SE.ADT.1524.LT.FM.ZS","","","","","","","","","","","","","","","","","","","","","","","","","","","","","0.570659995079041","","","","","","","","","","","","","","0.70048999786377","","","","0.766279995441437","","","0.757260024547577","","0.79764997959137","","0.833999991416931","","","","",
"Singapore","SGP","Literacy rate, youth (ages 15-24), gender parity index (GPI)","SE.ADT.1524.LT.FM.ZS","","","","","","","","","","","","","","","","","","","","","0.997409999370575","","","","","","","","","","1.00232005119324","","","","","","","","","","1.00196003913879","","","","","","","","","","1.00029003620148","0.999870002269745","0.999960005283356","1.00004994869232","1.00006997585297","1.00102996826172","1.00027000904083","",
"Solomon Islands","SLB","Literacy rate, youth (ages 15-24), gender parity index (GPI)","SE.ADT.1524.LT.FM.ZS","","","","","","","","","","","","","","","","","","","","","","","","","","","","","","","","","","","","","","","","","","","","","","","","","","","","","","","","","","",
"Sierra Leone","SLE","Literacy rate, youth (ages 15-24), gender parity index (GPI)","SE.ADT.1524.LT.FM.ZS","","","","","","","","","","","","","","","","","","","","","","","","","","","","","","","","","","","","","","","","","","","","","0.626649975776672","","","","","","","","","0.788110017776489","","","","",
"El Salvador","SLV","Literacy rate, youth (ages 15-24), gender parity index (GPI)","SE.ADT.1524.LT.FM.ZS","","","","","","","","","","","","","","","","","","","","","","","","","","","","","","","","","1.00003004074097","","","","","","","","","","","","","","1.01119005680084","1.00718998908997","1.01129996776581","1.00650000572205","1.00749003887177","1.0082700252533","","1.00571000576019","","1.00996994972229","","",
"San Marino","SMR","Literacy rate, youth (ages 15-24), gender parity index (GPI)","SE.ADT.1524.LT.FM.ZS","","","","","","","","","","","","","","","","","","","","","","","","","","","","","","","","","","","","","","","","","","","","","","","","","","","","","","","","","","",
"Somalia","SOM","Literacy rate, youth (ages 15-24), gender parity index (GPI)","SE.ADT.1524.LT.FM.ZS","","","","","","","","","","","","","","","","","","","","","","","","","","","","","","","","","","","","","","","","","","","","","","","","","","","","","","","","","","",
"Serbia","SRB","Literacy rate, youth (ages 15-24), gender parity index (GPI)","SE.ADT.1524.LT.FM.ZS","","","","","","","","","","","","","","","","","","","","","","","","","","","","","","","","","","","","","","","","","","","","","","","","","","","","0.999239981174469","","","","","1.00009000301361","",
"Sub-Saharan Africa (excluding high income)","SSA","Literacy rate, youth (ages 15-24), gender parity index (GPI)","SE.ADT.1524.LT.FM.ZS","","","","","","","","","","","","","","","","","","","","","","","","","","0.7637","0.76882","0.77652","0.78368","0.79039","0.79927","0.80529","0.81211","0.8203","0.82898","0.83556","0.84541","0.85465","0.85481","0.85832","0.83547","0.84704","0.82466","0.83286","0.83932","0.84016","0.83476","0.83783","0.83949","0.84429","0.85268","0.87398","0.87827","0.88217","0.89093","0.89762","0.90758","",
"South Sudan","SSD","Literacy rate, youth (ages 15-24), gender parity index (GPI)","SE.ADT.1524.LT.FM.ZS","","","","","","","","","","","","","","","","","","","","","","","","","","","","","","","","","","","","","","","","","","","","","","","","","0.67101001739502","","","","","","","","","",
"Sub-Saharan Africa","SSF","Literacy rate, youth (ages 15-24), gender parity index (GPI)","SE.ADT.1524.LT.FM.ZS","","","","","","","","","","","","","","","","","","","","","","","","","","0.76376","0.76888","0.77657","0.78373","0.79043","0.79931","0.80533","0.81215","0.82034","0.82902","0.83559","0.84543","0.85468","0.85483","0.85835","0.83549","0.84706","0.82469","0.83289","0.83934","0.84018","0.83478","0.83785","0.83951","0.84431","0.8527","0.87399","0.87829","0.88218","0.89094","0.89763","0.90759","",
"Small states","SST","Literacy rate, youth (ages 15-24), gender parity index (GPI)","SE.ADT.1524.LT.FM.ZS","","","","","","","","","","","","","","","","","","","","","","","","","","","","0.98574","0.98628","0.98649","0.98606","0.98703","0.98761","0.98747","0.9882","0.98715","0.9862","0.98554","0.98165","0.98191","0.98337","0.98476","0.98657","0.98802","0.98997","0.99163","0.995","0.99962","1.00197","0.99839","0.99061","0.99128","0.99194","0.99184","0.99406","0.99628","0.99749","",
"Sao Tome and Principe","STP","Literacy rate, youth (ages 15-24), gender parity index (GPI)","SE.ADT.1524.LT.FM.ZS","","","","","","","","","","","","","","","","","","","","","","0.815429985523224","","","","","","","","","","0.958710014820099","","","","","","","","","","0.988319993019104","","","","","","","0.931140005588531","","","","0.992070019245148","","","","","",
"Suriname","SUR","Literacy rate, youth (ages 15-24), gender parity index (GPI)","SE.ADT.1524.LT.FM.ZS","","","","","","","","","","","","","","","","","","","","","","","","","","","","","","","","","","","","","","","","","","","","","0.984549999237061","","","","1.00083994865417","","1.00847005844116","","0.991580009460449","","","","","",
"Slovak Republic","SVK","Literacy rate, youth (ages 15-24), gender parity index (GPI)","SE.ADT.1524.LT.FM.ZS","","","","","","","","","","","","","","","","","","","","","","","","","","","","","","","","","","","","","","","","","","","","","","","","","","","","","","","","","","",
"Slovenia","SVN","Literacy rate, youth (ages 15-24), gender parity index (GPI)","SE.ADT.1524.LT.FM.ZS","","","","","","","","","","","","","","","","","","","","","","","","","","","","","","","","1.00041997432709","","","","","","","","","","","","","","","","","","","","","","","","","","",
"Sweden","SWE","Literacy rate, youth (ages 15-24), gender parity index (GPI)","SE.ADT.1524.LT.FM.ZS","","","","","","","","","","","","","","","","","","","","","","","","","","","","","","","","","","","","","","","","","","","","","","","","","","","","","","","","","","",
"Eswatini","SWZ","Literacy rate, youth (ages 15-24), gender parity index (GPI)","SE.ADT.1524.LT.FM.ZS","","","","","","","","","","","","","","","","","0.985499978065491","","","","","","","","","","1.0145800113678","","","","","","","","","","","","","","1.02479994297028","","","","","","","","","","1.02778005599976","","","","","","","",
"Sint Maarten (Dutch part)","SXM","Literacy rate, youth (ages 15-24), gender parity index (GPI)","SE.ADT.1524.LT.FM.ZS","","","","","","","","","","","","","","","","","","","","","","","","","","","","","","","","","","","","","","","","","","","","","","","","","","","","","","","","","","",
"Seychelles","SYC","Literacy rate, youth (ages 15-24), gender parity index (GPI)","SE.ADT.1524.LT.FM.ZS","","","","","","","","","","","","","","","","","","","","","","","","","","","","1.01712000370026","","","","","","","1.00653994083405","","","","","","","","1.00610995292664","","","","","","","","1.00808000564575","","","","","","","",
"Syrian Arab Republic","SYR","Literacy rate, youth (ages 15-24), gender parity index (GPI)","SE.ADT.1524.LT.FM.ZS","","","","","","","","","","","","","","","","","","","","","","0.664370000362396","","","","","","","","","","","","","","","","","","","","","0.956969976425171","","0.953610002994537","","","","","","","","","","","","","",
"Turks and Caicos Islands","TCA","Literacy rate, youth (ages 15-24), gender parity index (GPI)","SE.ADT.1524.LT.FM.ZS","","","","","","","","","","","","","","","","","","","","","","","","","","","","","","","","","","","","","","","","","","","","","","","","","","","","","","","","","","",
"Chad","TCD","Literacy rate, youth (ages 15-24), gender parity index (GPI)","SE.ADT.1524.LT.FM.ZS","","","","","","","","","","","","","","","","","","","","","","","","","","","","","","","","","","0.340840011835098","","","","","","","0.417259991168976","","","","0.573000013828278","","","","","","","","","","","0.501460015773773","0.550149977207184","",
"East Asia & Pacific (IDA & IBRD countries)","TEA","Literacy rate, youth (ages 15-24), gender parity index (GPI)","SE.ADT.1524.LT.FM.ZS","","","","","","","","","","","","","","","","","0.80586","0.80755","0.82318","0.83956","0.85607","0.87028","0.88587","0.89275","0.90225","0.91086","0.91846","0.9265","0.94548","0.94876","0.9519","0.95417","0.95624","0.95798","0.96004","0.96199","0.96431","0.9835","0.98454","0.98603","0.99139","0.98723","0.98826","0.99003","0.99485","0.99562","0.99516","0.99691","0.99813","0.9986","0.99888","0.99858","0.99875","0.99939","0.99956","0.99957","0.99987","",
"Europe & Central Asia (IDA & IBRD countries)","TEC","Literacy rate, youth (ages 15-24), gender parity index (GPI)","SE.ADT.1524.LT.FM.ZS","","","","","","","","","","","","","","","","","","","","","","","","0.97943","0.98473","0.98542","0.98623","0.98714","0.98817","0.98523","0.98634","0.98706","0.98791","0.98876","0.98961","0.99043","0.99119","0.99194","0.9926","0.9933","0.99085","0.99128","0.9917","0.99215","0.99257","0.9932","0.99349","0.99337","0.99355","0.99594","0.99658","0.99744","0.99792","0.99834","0.99859","0.99889","0.99922","",
"Togo","TGO","Literacy rate, youth (ages 15-24), gender parity index (GPI)","SE.ADT.1524.LT.FM.ZS","","","","","","","","","","","","","","","","","","","","","","","","","","","","","","","","","","","","","","","","","0.758539974689484","","","","","","0.800459980964661","","","0.850820004940033","","0.836530029773712","","","","0.873969972133636","","",
"Thailand","THA","Literacy rate, youth (ages 15-24), gender parity index (GPI)","SE.ADT.1524.LT.FM.ZS","","","","","","","","","","","","","","","","","","","","","0.98566997051239","","","","","","","","","","","","","","","","","","","","0.997430026531219","","","","","0.996559977531433","","","","","0.999059975147247","","","1.00690996646881","","1.00295996665955","","",
"Tajikistan","TJK","Literacy rate, youth (ages 15-24), gender parity index (GPI)","SE.ADT.1524.LT.FM.ZS","","","","","","","","","","","","","","","","","","","","","","","","","","","","","","0.999350011348724","","","","","","","","","","","1.00004994869232","","","","","","","","","","","","","","","","","",
"Turkmenistan","TKM","Literacy rate, youth (ages 15-24), gender parity index (GPI)","SE.ADT.1524.LT.FM.ZS","","","","","","","","","","","","","","","","","","","","","","","","","","","","","","","","","","","","1.00004994869232","","","","","","","","","","","","","","","","","","","","","","",
"Latin America & the Caribbean (IDA & IBRD countries)","TLA","Literacy rate, youth (ages 15-24), gender parity index (GPI)","SE.ADT.1524.LT.FM.ZS","","","","","","","","","","","","","","","0.97811","0.97834","0.98185","0.98616","0.99097","0.99553","0.99984","1.00395","1.00798","1.01195","1.01562","1.01908","1.02204","1.02187","1.02335","1.02604","1.02884","1.02582","1.02257","1.01889","1.01525","1.01152","1.01129","1.01002","1.0097","1.01034","1.01066","1.01026","1.00887","1.00688","1.00817","1.008","1.00445","1.00512","1.00487","1.00399","1.00633","1.00565","1.00503","1.0047","1.00414","1.00413","1.00447","",
"Timor-Leste","TLS","Literacy rate, youth (ages 15-24), gender parity index (GPI)","SE.ADT.1524.LT.FM.ZS","","","","","","","","","","","","","","","","","","","","","","","","","","","","","","","","","","","","","","","","","","","","","","","","","","","0.97613000869751","","","","","","","",
"Middle East & North Africa (IDA & IBRD countries)","TMN","Literacy rate, youth (ages 15-24), gender parity index (GPI)","SE.ADT.1524.LT.FM.ZS","","","","","","","","","","","","","0.5879","0.59689","0.6057","0.61418","0.62119","0.63103","0.64141","0.65213","0.66432","0.67676","0.68851","0.69443","0.71046","0.7257","0.74077","0.75371","0.76734","0.78044","0.80282","0.81188","0.82353","0.81635","0.82823","0.84541","0.85614","0.86561","0.87151","0.88079","0.88907","0.89701","0.90619","0.89336","0.90187","0.90782","0.92344","0.92798","0.93154","0.92354","0.92623","0.92412","0.93088","0.93946","0.94223","0.94395","0.94511","",
"Tonga","TON","Literacy rate, youth (ages 15-24), gender parity index (GPI)","SE.ADT.1524.LT.FM.ZS","","","","","","","","","","","","","","","","","0.999549984931946","","","","","","","","","","","","","","","","","","","","1.00090003013611","","","","","","","","","","1.00255000591278","","","","","1.00144994258881","","","","","","",
"South Asia (IDA & IBRD)","TSA","Literacy rate, youth (ages 15-24), gender parity index (GPI)","SE.ADT.1524.LT.FM.ZS","","","","","","","","","","","","","","","","0.53499","0.53497","0.549","0.5637","0.57905","0.59366","0.60599","0.62288","0.6387","0.65505","0.67098","0.68644","0.70007","0.63602","0.65244","0.66873","0.68047","0.69213","0.69963","0.71613","0.73175","0.74649","0.7588","0.75284","0.77053","0.78737","0.80116","0.81891","0.8241","0.83956","0.82389","0.84158","0.86561","0.86847","0.88017","0.89246","0.91765","0.91298","0.92151","0.93236","0.94159","0.94984","",
"Sub-Saharan Africa (IDA & IBRD countries)","TSS","Literacy rate, youth (ages 15-24), gender parity index (GPI)","SE.ADT.1524.LT.FM.ZS","","","","","","","","","","","","","","","","","","","","","","","","","","0.76376","0.76888","0.77657","0.78373","0.79043","0.79931","0.80533","0.81215","0.82034","0.82902","0.83559","0.84543","0.85468","0.85483","0.85835","0.83549","0.84706","0.82469","0.83289","0.83934","0.84018","0.83478","0.83785","0.83951","0.84431","0.8527","0.87399","0.87829","0.88218","0.89094","0.89763","0.90759","",
"Trinidad and Tobago","TTO","Literacy rate, youth (ages 15-24), gender parity index (GPI)","SE.ADT.1524.LT.FM.ZS","","","","","","","","","","","","","","","","","","","","","1.00048995018005","","","","","","","","","","1","","","","","","","","","","","","","","","","","","","","","","","","","","","",
"Tunisia","TUN","Literacy rate, youth (ages 15-24), gender parity index (GPI)","SE.ADT.1524.LT.FM.ZS","","","","","","","","","","","","","","","","","","","","","","","","","0.729179978370667","","","","","","","","","","","","","","","","","","","","0.956900000572205","","","0.968159973621368","0.976069986820221","","0.97843998670578","0.98047000169754","0.976999998092651","","0.991609990596771","","","",
"Turkey","TUR","Literacy rate, youth (ages 15-24), gender parity index (GPI)","SE.ADT.1524.LT.FM.ZS","","","","","","","","","","","","","","","","0.752070009708405","","","","","0.803640007972717","","","","","0.898379981517792","","","","","0.915239989757538","","","","","","","","","","","","","","0.951749980449677","0.95525997877121","0.956830024719238","0.956430017948151","","0.975269973278046","0.979669988155365","0.984809994697571","0.988170027732849","0.990499973297119","0.992020010948181","0.993600010871887","","",
"Tuvalu","TUV","Literacy rate, youth (ages 15-24), gender parity index (GPI)","SE.ADT.1524.LT.FM.ZS","","","","","","","","","","","","","","","","","","","","","","","","","","","","","","","","","","","","","","","","","","","","","","","","","","","","","","","","","","",
"Tanzania","TZA","Literacy rate, youth (ages 15-24), gender parity index (GPI)","SE.ADT.1524.LT.FM.ZS","","","","","","","","","","","","","","","","","","","","","","","","","","","","","0.90327000617981","","","","","","","","","","","","","","0.94173002243042","","","","","","","","0.951370000839233","","0.973309993743896","","","0.972739994525909","","",
"Uganda","UGA","Literacy rate, youth (ages 15-24), gender parity index (GPI)","SE.ADT.1524.LT.FM.ZS","","","","","","","","","","","","","","","","","","","","","","","","","","","","","","","","0.817409992218018","","","","","","","","","","","0.886240005493164","","","","0.929679989814758","","","","0.953549981117249","","0.952130019664764","","","","","",
"Ukraine","UKR","Literacy rate, youth (ages 15-24), gender parity index (GPI)","SE.ADT.1524.LT.FM.ZS","","","","","","","","","","","","","","","","","","","","","","","","","","","","","","","","","","","","","","","","","","1.00057995319366","","","","","","","","","","","1.00025999546051","","","","","",
"Upper middle income","UMC","Literacy rate, youth (ages 15-24), gender parity index (GPI)","SE.ADT.1524.LT.FM.ZS","","","","","","","","","","","","","","","","","0.84283","0.84479","0.85725","0.86911","0.88187","0.89276","0.9049","0.91056","0.91909","0.92618","0.93289","0.93863","0.9542","0.95668","0.96044","0.96191","0.96328","0.9645","0.96565","0.96732","0.96994","0.98487","0.9855","0.98684","0.99171","0.98854","0.98918","0.98971","0.99441","0.99489","0.99492","0.99618","0.99638","0.99645","0.99649","0.99648","0.9966","0.99698","0.99685","0.99691","0.99717","",
"Uruguay","URY","Literacy rate, youth (ages 15-24), gender parity index (GPI)","SE.ADT.1524.LT.FM.ZS","","","","","","","","","","","","","","","","1.01119995117188","","","","","","","","","","1.00744998455048","","","","","","","","","","","1.00880002975464","","","","","","","","","","1.00815999507904","1.00538003444672","1.00701999664307","1.00731003284454","1.00880002975464","1.00514996051788","1.00680994987488","1.00757002830505","1.0110000371933","1.00598001480103","","",
"United States","USA","Literacy rate, youth (ages 15-24), gender parity index (GPI)","SE.ADT.1524.LT.FM.ZS","","","","","","","","","","","","","","","","","","","","","","","","","","","","","","","","","","","","","","","","","","","","","","","","","","","","","","","","","","",
"Uzbekistan","UZB","Literacy rate, youth (ages 15-24), gender parity index (GPI)","SE.ADT.1524.LT.FM.ZS","","","","","","","","","","","","","","","","","","","","","","","","","","","","","","","","","","","","","","","","","1.00040996074677","","","","","","","","","","","","","1","1","1","","",
"St. Vincent and the Grenadines","VCT","Literacy rate, youth (ages 15-24), gender parity index (GPI)","SE.ADT.1524.LT.FM.ZS","","","","","","","","","","","1.00074005126953","","","","","","","","","","","","","","","","","","","","","","","","","","","","","","","","","","","","","","","","","","","","","","","",
"Venezuela, RB","VEN","Literacy rate, youth (ages 15-24), gender parity index (GPI)","SE.ADT.1524.LT.FM.ZS","","","","","","","","","","","","","","","","","","","","","","1.01684999465942","","","","","","","","","1.01945996284485","","","","","","","","","","","1.01805996894836","","","","","","1.00880002975464","","1.00545001029968","","1.0139000415802","","","","1.00612998008728","1.0066100358963","",
"British Virgin Islands","VGB","Literacy rate, youth (ages 15-24), gender parity index (GPI)","SE.ADT.1524.LT.FM.ZS","","","","","","","","","","","","","","","","","","","","","","","","","","","","","","","","","","","","","","","","","","","","","","","","","","","","","","","","","","",
"Virgin Islands (U.S.)","VIR","Literacy rate, youth (ages 15-24), gender parity index (GPI)","SE.ADT.1524.LT.FM.ZS","","","","","","","","","","","","","","","","","","","","","","","","","","","","","","","","","","","","","","","","","","","","","","","","","","","","","","","","","","",
"Vietnam","VNM","Literacy rate, youth (ages 15-24), gender parity index (GPI)","SE.ADT.1524.LT.FM.ZS","","","","","","","","","","","","","","","","","","","","0.978299975395203","","","","","","","","","","0.99277001619339","","","","","","","","","","0.994189977645874","0.983969986438751","","","","","","","","","0.993690013885498","","","","","","","","",
"Vanuatu","VUT","Literacy rate, youth (ages 15-24), gender parity index (GPI)","SE.ADT.1524.LT.FM.ZS","","","","","","","","","","","","","","","","","","","","0.893060028553009","","","","","","","","","","","","","","","","","","","","","","","","","","","","","","","","","","","","","","",
"World","WLD","Literacy rate, youth (ages 15-24), gender parity index (GPI)","SE.ADT.1524.LT.FM.ZS","","","","","","","","","","","","","","","","0.83154","0.83203","0.8345","0.84186","0.84917","0.85686","0.86394","0.87213","0.87686","0.88359","0.8895","0.89502","0.90037","0.89608","0.89936","0.90342","0.90532","0.90685","0.90676","0.90981","0.91287","0.91642","0.925","0.92108","0.92486","0.92727","0.92985","0.93151","0.9326","0.93849","0.93479","0.93815","0.94489","0.94526","0.94754","0.95126","0.9593","0.95758","0.95995","0.96321","0.96589","0.96903","",
"Samoa","WSM","Literacy rate, youth (ages 15-24), gender parity index (GPI)","SE.ADT.1524.LT.FM.ZS","","","","","","","","","","","","","","","","","","","","","","","","","","","","","","","","0.998279988765717","","","","","","","","","","","","","","","","","","","","1.00433003902435","","","","","","",
"Kosovo","XKX","Literacy rate, youth (ages 15-24), gender parity index (GPI)","SE.ADT.1524.LT.FM.ZS","","","","","","","","","","","","","","","","","","","","","","","","","","","","","","","","","","","","","","","","","","","","","","","","","","","","","","","","","","",
"Yemen, Rep.","YEM","Literacy rate, youth (ages 15-24), gender parity index (GPI)","SE.ADT.1524.LT.FM.ZS","","","","","","","","","","","","","","","","","","","","","","","","","","","","","","","","","","","0.427249997854233","","","","","","","","","","","","","","","","","","","","","","","",
"South Africa","ZAF","Literacy rate, youth (ages 15-24), gender parity index (GPI)","SE.ADT.1524.LT.FM.ZS","","","","","","","","","","","","","","","","","","","","","0.995630025863647","","","","","","","","","","","","","","","","1.00845003128052","","","","","","","","","","","1.01078999042511","","1.0092099905014","1.00521004199982","1.0073299407959","1.00785994529724","","1.00408005714417","1.00551998615265","","",
"Zambia","ZMB","Literacy rate, youth (ages 15-24), gender parity index (GPI)","SE.ADT.1524.LT.FM.ZS","","","","","","","","","","","","","","","","","","","","","","","","","","","","","","","0.974059998989105","","","","","","","","","0.912020027637482","","","0.853150010108948","","","","","0.831730008125305","","","0.948610007762909","","","","","","","",
"Zimbabwe","ZWE","Literacy rate, youth (ages 15-24), gender parity index (GPI)","SE.ADT.1524.LT.FM.ZS","","","","","","","","","","","","","","","","","","","","","","","0.903919994831085","","","","","","","","","","0.97733998298645","","","","","","","","","","","","","","","","","","","1.02828001976013","","","1.06388998031616","","","",
